file_path,corruption_types,severity,title
/Users/twinssn/Projects/cap/hotissue-hugo/content/posts/2026-07-25-전문가-없이-혼자-계산하는-g클래스-vs-아이오닉-9-3년-총비용-감가유지비잔존가치-공식.md,test_dummy,중,E2E Test Post
/Users/twinssn/Projects/cap/hotissue-hugo/content/posts/2026-07-25-중고-매각까지-포함한-마이바흐-gls-vs-아이오닉-9-실질-소유비용-3년-총손실-비교.md,test_dummy,중,Test Title with Cover
/Users/twinssn/Projects/cap/hotissue-hugo/content/posts/2025-04-25-ec868cec8381eab3b5ec9db8-ebb0b0eb8baced839debb0b0e.md,product_mismatch_unrelated,하,"소상공인 배달택배비 지원사업 신청방법 및 조건 총정리"
/Users/twinssn/Projects/cap/hotissue-hugo/content/posts/2025-04-25-ec8aaceba6bded8dbc.md,product_mismatch_unrelated,하,"생방송투데이 슬립퍼 환승 직업 장호영 대표의 두 번째 인생 2막의 열쇠를 1:1 맞춤 침대에서 찾다 4월 25일 방송"
/Users/twinssn/Projects/cap/hotissue-hugo/content/posts/2025-04-30-ec84b8ebaa85eb868dec82b0.md,product_mismatch_unrelated,하,"오늘엔 오늘대공개 세명농산 경북 문경에서 만든 정직한 단무지 제품 구매 방법 4월 30일 방송"
/Users/twinssn/Projects/cap/hotissue-hugo/content/posts/2025-05-10-ebb094eb8298eb9390ec8c80.md,product_mismatch_unrelated,하,"바나듐쌀 구매방법 원산지 가격 효능 총정리 안내 건강한 혈당 관리를 위한 기능성 쌀"
/Users/twinssn/Projects/cap/hotissue-hugo/content/posts/2026-01-17-015-2026-reuno-pilrangteu-gagyeok/index.md,product_mismatch,하,2026 르노 필랑트 가격 트림별 옵션 총정리 4천만 원대 하이브리드 SUV의 등장
/Users/twinssn/Projects/cap/hotissue-hugo/content/posts/2026-01-17-016-reuno-pilrangteu-yeonbi-151kml/index.md,product_mismatch,하,르노 필랑트 연비 15.1km/L 실연비는 어떨까 도심 75% 전기주행의 비밀
/Users/twinssn/Projects/cap/hotissue-hugo/content/posts/2026-01-17-017-reuno-pilrangteu-jangdanjeom-soljik/index.md,product_mismatch,하,르노 필랑트 장단점 솔직 분석 250마력 하이브리드 사도 될까
/Users/twinssn/Projects/cap/hotissue-hugo/content/posts/2026-01-18-004-2026-gia-ev2-gagyeok/index.md,product_mismatch,하,2026 기아 EV2 가격 스펙 총정리 보조금 받으면 2천만 원대 실구매 가능할까
/Users/twinssn/Projects/cap/hotissue-hugo/content/posts/2026-01-18-005-gia-ev2-vs-kaeseupeo/index.md,product_mismatch,하,기아 EV2 vs 캐스퍼 일렉트릭 뭐가 다를까 가격 주행거리 크기 완벽 비교
/Users/twinssn/Projects/cap/hotissue-hugo/content/posts/2026-01-18-006-448km-juhaenge-3cheonman-wondae/index.md,product_mismatch,하,448km 주행에 3천만 원대 기아 EV2 국내 출시일과 사전예약 일정 총정리
/Users/twinssn/Projects/cap/hotissue-hugo/content/posts/2026-02-01-019-gia-ev7-chulsiilgwa-yesang/index.md,product_mismatch,하,기아 EV7 출시일과 예상 가격 총정리
/Users/twinssn/Projects/cap/hotissue-hugo/content/posts/2026-02-01-023-gia-ev9-bojogeum-jeogyong/index.md,product_mismatch,하,기아 EV9 보조금 적용 실구매가 총정리
/Users/twinssn/Projects/cap/hotissue-hugo/content/posts/2026-02-02-017-jeongicha-bojogeum-eolma-badeul/index.md,product_mismatch,하,전기차 보조금 얼마 받을 수 있나 무공해차누리집 조회 방법
/Users/twinssn/Projects/cap/hotissue-hugo/content/posts/2026-02-02-029-2012nyeon-ijeon-gyeongyucha-soyuja/index.md,product_mismatch,하,2012년 이전 경유차 소유자 필독 연납하면 10% 감면
/Users/twinssn/Projects/cap/hotissue-hugo/content/posts/2026-02-02-031-gyeongyucha-dpf-jangchak-hyetaek/index.md,product_mismatch,하,경유차 DPF 장착 혜택 총정리 환경개선부담금 면제부터 검사 면제까지
/Users/twinssn/Projects/cap/hotissue-hugo/content/posts/2026-02-02-034-nae-chaga-yuro5-yuro6inji/index.md,product_mismatch,하,내 차가 유로5 유로6인지 확인하고 환경개선부담금 면제받자
/Users/twinssn/Projects/cap/hotissue-hugo/content/posts/2026-02-03-034-dibijadongchaboheom-boheomryo-gyesanbuteo-gaipkkaji/index.md,product_mismatch,하,디비자동차보험 보험료 계산부터 가입까지 완벽 가이드
/Users/twinssn/Projects/cap/hotissue-hugo/content/posts/2026-02-04-026-polseuta4-gagyeok-6690manwon-donggyeol/index.md,product_mismatch,하,폴스타4 가격 6690만원 동결 2026년형 옵션 강화 출시
/Users/twinssn/Projects/cap/hotissue-hugo/content/posts/2026-02-04-032-2026-bolbo-xc40-gagyeok/index.md,product_mismatch,하,2026 볼보 XC40 가격 5190만원부터 다크테마 신규 적용
/Users/twinssn/Projects/cap/hotissue-hugo/content/posts/2026-02-04-033-deo-nyu-seutaria-ev/index.md,product_mismatch,하,더 뉴 스타리아 EV 2026 상반기 출시 예상 가격 5천만원대
/Users/twinssn/Projects/cap/hotissue-hugo/content/posts/2026-02-04-047-2026nyeon-gia-ev7-yesang/index.md,product_mismatch,하,2026년 기아 EV7 예상 가격과 스펙, 지금 알아야 할 핵심 정보
/Users/twinssn/Projects/cap/hotissue-hugo/content/posts/2026-02-04-051-hwangyeongbu-jeongicha-chungjeonkadeu-balgeup/index.md,product_mismatch,하,환경부 전기차 충전카드 발급 방법, 최대 60% 할인받는 비결
/Users/twinssn/Projects/cap/hotissue-hugo/content/posts/2026-02-04-070-dogil-3sa-bigyo-juhaengbojowa/index.md,product_mismatch,하,독일 3사 비교 주행보조와 AWD 성능 가장 좋은 차는
/Users/twinssn/Projects/cap/hotissue-hugo/content/posts/2026-02-06-032-aionik6-570manwon-teseulra-420manwon/index.md,product_mismatch,하,아이오닉6 570만원 테슬라 420만원 2026 전기차 보조금 전 모델 비교
/Users/twinssn/Projects/cap/hotissue-hugo/content/posts/2026-02-06-033-2026-teseulra-model3-3cheonmanwondae/index.md,product_mismatch,하,2026 테슬라 모델3 3천만원대 구매 가능 보조금 실구매가 계산법
/Users/twinssn/Projects/cap/hotissue-hugo/content/posts/2026-02-06-034-2026-jeongicha-bojogeum-sakgamdoen/index.md,product_mismatch,하,2026 전기차 보조금 삭감된 LFP 배터리 모델 확인 필수
/Users/twinssn/Projects/cap/hotissue-hugo/content/posts/2026-02-06-035-2026-jeongicha-bojogeum-jiyeokbyeol/index.md,product_mismatch,하,2026 전기차 보조금 지역별 공고 일정 놓치면 손해보는 신청 타이밍
/Users/twinssn/Projects/cap/hotissue-hugo/content/posts/2026-02-06-037-heon-cha-beorigo-jeongicha/index.md,product_mismatch,하,헌 차 버리고 전기차 사면 최대 680만원 지원금 받는 절차
/Users/twinssn/Projects/cap/hotissue-hugo/content/posts/2026-02-06-038-jeongicha-bojogeum-magam-jeon/index.md,product_mismatch,하,전기차 보조금 마감 전 신청하려면 잔여 대수 실시간 확인 필수
/Users/twinssn/Projects/cap/hotissue-hugo/content/posts/2026-02-06-040-jeongicha-chwideungrokse-gammyeon-hyetaek/index.md,product_mismatch,하,전기차 취등록세 감면 혜택 2026년 연장 확정 최대 140만원 절약
/Users/twinssn/Projects/cap/hotissue-hugo/content/posts/2026-02-10-003-teseulra-modely-bojogeum-170manwonbakke/index.md,product_mismatch,하,테슬라 모델Y 보조금 170만원밖에? 2026년 배터리 밀도 차등제로 달라진 실구매가 총정리
/Users/twinssn/Projects/cap/hotissue-hugo/content/posts/2026-02-10-005-haibeurideu-baeteori-gyoche-biyong/index.md,product_mismatch,하,하이브리드 배터리 교체 비용 500만원? 브랜드별 무상 보증 기간과 실제 수명 총정리
/Users/twinssn/Projects/cap/hotissue-hugo/content/posts/2026-02-10-006-nae-chae-beulraekbakseu-malgo/index.md,product_mismatch,하,내 차에 블랙박스 말고 EDR도 있다고? 2025년 신차 의무 장착된 사고기록장치 열람법
/Users/twinssn/Projects/cap/hotissue-hugo/content/posts/2026-02-10-007-jeongichainde-ilban-taieo-kkiumyeon/index.md,product_mismatch,하,전기차인데 일반 타이어 끼우면 안 되나요? iON 전용 타이어 20% 빨리 닳는다는 말의 진실
/Users/twinssn/Projects/cap/hotissue-hugo/content/posts/2026-02-10-010-suipcha-jeongbi-gongimbi-bissadagoyo/index.md,product_mismatch,하,수입차 정비 공임비 비싸다고요? 앱으로 예약하면 20% 싸게 받는 방법
/Users/twinssn/Projects/cap/hotissue-hugo/content/posts/2026-02-11-028-cha-san-ji-5nyeon/index.md,product_mismatch,하,차 산 지 5년 넘었다면 지금 확인하세요! 지역개발채권 환급금 조회 방법
/Users/twinssn/Projects/cap/hotissue-hugo/content/posts/2026-02-11-051-eolgul-insigeuro-sidong-geoneun/index.md,product_mismatch,하,얼굴 인식으로 시동 거는 시대 2026년 음주운전 방지장치 어떻게 달라지나
/Users/twinssn/Projects/cap/hotissue-hugo/content/posts/2026-02-11-067-ev6-jeonbi-geukdaehwa-bibeop/index.md,product_mismatch,하,EV6 전비 극대화 비법 회생제동 3단계 활용과 에코모드 실전 가이드
/Users/twinssn/Projects/cap/hotissue-hugo/content/posts/2026-02-11-068-ev6-i-pedal-silsayong/index.md,product_mismatch,하,EV6 i-Pedal 실사용 후기 원페달 드라이빙 장단점과 주의사항 총정리
/Users/twinssn/Projects/cap/hotissue-hugo/content/posts/2026-02-11-069-2026nyeon-jeongicha-chungjeonyogeum-bigyo/index.md,product_mismatch,하,2026년 전기차 충전요금 비교 급속 완속 가정용 어디가 가장 저렴한가
/Users/twinssn/Projects/cap/hotissue-hugo/content/posts/2026-02-11-071-ev6-bojogeum-2026nyeon-eolma/index.md,product_mismatch,하,EV6 보조금 2026년 얼마 받나 국비 지자체 합산 실구매가 총정리
/Users/twinssn/Projects/cap/hotissue-hugo/content/posts/2026-02-19-009-풀옵션-7천만원-돌파-2025/index.md,product_mismatch,하,풀옵션 7천만원 돌파 2025 펠리세이드 가격 제대로 알고 계약하기
/Users/twinssn/Projects/cap/hotissue-hugo/content/posts/2026-02-26-002-10년-만의-풀체인지-푸조/index.md,product_mismatch,하,10년 만의 풀체인지 푸조 5008 하이브리드 실사와 가격 분석
/Users/twinssn/Projects/cap/hotissue-hugo/content/posts/2026-02-26-003-2025-제네시스-g90-트림별/index.md,product_mismatch,하,2025 제네시스 G90 트림별 가격과 옵션 완벽 가이드
/Users/twinssn/Projects/cap/hotissue-hugo/content/posts/2026-02-26-005-2025-코나-풀체인지-제원부터/index.md,product_mismatch,하,2025 코나 풀체인지 제원부터 실구매 가격까지 완벽 정리
/Users/twinssn/Projects/cap/hotissue-hugo/content/posts/2026-02-26-014-byd-씰-3990만원-실구매가/index.md,product_mismatch,하,BYD 씰 3990만원 실구매가 3천만원대 전기세단 완벽 분석(feat. 테슬라모델3)
/Users/twinssn/Projects/cap/hotissue-hugo/content/posts/2026-02-26-017-800만원대-전기밴-마사다-qq/index.md,product_mismatch,하,800만원대 전기밴 마사다 QQ 중고차 가격과 실사용 후기
/Users/twinssn/Projects/cap/hotissue-hugo/content/posts/2026-02-26-019-내연기관-끝판왕-캐딜락-ct5/index.md,product_mismatch,하,내연기관 끝판왕 캐딜락 CT5-V 블랙윙 시승기와 스펙 총정리
/Users/twinssn/Projects/cap/hotissue-hugo/content/posts/2026-02-26-020-2026-기아-봉고3-ev/index.md,product_mismatch,하,2026 기아 봉고3 EV 가격표와 보조금 적용 실구매가 총정리
/Users/twinssn/Projects/cap/hotissue-hugo/content/posts/2026-02-26-021-레이부터-카니발까지-차박하기-좋은/index.md,product_mismatch,하,레이부터 카니발까지 차박하기 좋은 국산차 순위 총정리
/Users/twinssn/Projects/cap/hotissue-hugo/content/posts/2026-02-26-032-2025-제네시스-gv60-페이스리프트/index.md,product_mismatch,하,2025 제네시스 GV60 페이스리프트 가격과 달라진 점 총정리
/Users/twinssn/Projects/cap/hotissue-hugo/content/posts/2026-02-26-049-볼보-ex30-가격-761만원/index.md,product_mismatch,하,볼보 EX30 가격 761만원 인하 3천만원대 수입 전기 SUV 분석
/Users/twinssn/Projects/cap/hotissue-hugo/content/posts/2026-02-26-053-2024-모하비-더마스터-실물/index.md,product_mismatch,하,2024 모하비 더마스터 실물 포토 리뷰 달라진 점 다섯 가지
/Users/twinssn/Projects/cap/hotissue-hugo/content/posts/2026-02-26-062-지프-레니게이드-2023-포토/index.md,product_mismatch,하,지프 레니게이드 2023 포토 리뷰 수입 소형 SUV 1위의 진짜 실력
/Users/twinssn/Projects/cap/hotissue-hugo/content/posts/2026-02-26-063-기아-ev3-가격-3995만원부터/index.md,product_mismatch,하,기아 EV3 가격 3995만원부터 트림별 스펙 보조금 완전 정리
/Users/twinssn/Projects/cap/hotissue-hugo/content/posts/2026-02-26-065-2025-셀토스-포토-리뷰/index.md,product_mismatch,하,2025 셀토스 포토 리뷰 트림별 가격 연비 달라진 기본 사양 정리
/Users/twinssn/Projects/cap/hotissue-hugo/content/posts/2026-02-26-066-볼보-ex30-크로스컨트리-761만원/index.md,product_mismatch,하,볼보 EX30 크로스컨트리 761만원 인하 후 실구매가 분석
/Users/twinssn/Projects/cap/hotissue-hugo/content/posts/2026-02-26-070-9인승-suv-끝판왕-펠리세이드/index.md,product_mismatch,하,9인승 SUV 끝판왕 펠리세이드 트림별 가격과 장단점
/Users/twinssn/Projects/cap/hotissue-hugo/content/posts/2026-02-26-083-2026-bmw-m340i-프로/index.md,product_mismatch,하,2026 BMW M340i 프로 실구매가와 프로모션 할인 총정리
/Users/twinssn/Projects/cap/hotissue-hugo/content/posts/2026-02-26-088-3800만원대-수입-전기-suv/index.md,product_mismatch,하,3800만원대 수입 전기 SUV 폭스바겐 ID.4 가격 성능 완벽 분석
/Users/twinssn/Projects/cap/hotissue-hugo/content/posts/2026-03-05-004-아우디-q4-이트론-가격/index.md,product_mismatch,하,아우디 Q4 이트론 가격 스펙 보조금 총정리
/Users/twinssn/Projects/cap/hotissue-hugo/content/posts/2026-03-05-005-2025-팰리세이드-풀체인지-가격/index.md,product_mismatch,하,2025 팰리세이드 풀체인지 가격 트림 총정리
/Users/twinssn/Projects/cap/hotissue-hugo/content/posts/2026-03-05-006-팰리세이드-하이브리드-연비-가격/index.md,product_mismatch,하,팰리세이드 하이브리드 연비 가격 장단점 총정리
/Users/twinssn/Projects/cap/hotissue-hugo/content/posts/2026-03-05-008-2026-소나타-디엣지-가격/index.md,product_mismatch,하,2026 소나타 디엣지 가격 연비 트림 총정리
/Users/twinssn/Projects/cap/hotissue-hugo/content/posts/2026-03-23-신차-3931만원-스포티지-하이브리드-3년-뒤-중고값-2535만원의-현실.md,product_mismatch,하,"신차 3,931만원 스포티지 하이브리드, 3년 뒤 중고값 2,535만원의 현실"
/Users/twinssn/Projects/cap/hotissue-hugo/content/posts/2026-03-24-2026년-3월-기준-그랜저-25-k8-감가율-최신-분석.md,product_mismatch,하,"2026년 3월 기준 그랜저 2.5 K8 감가율 최신 분석"
/Users/twinssn/Projects/cap/hotissue-hugo/content/posts/2026-03-24-2026년-3월-기준-투싼-하이브리드-스포티지-하이브리드-감가율-최신-분석.md,product_mismatch,하,"2026년 3월 기준 투싼 하이브리드 스포티지 하이브리드 감가율 최신 분석"
/Users/twinssn/Projects/cap/hotissue-hugo/content/posts/2026-03-24-k5-하이브리드-3년-총비용-2433만원-신차값보다-중요한-숫자.md,product_mismatch,하,"K5 하이브리드 3년 총비용 2,433만원 — 신차값보다 중요한 숫자"
/Users/twinssn/Projects/cap/hotissue-hugo/content/posts/2026-03-24-싼타페-하이브리드보다-잔존가치-17p-높은-아이오닉-5-감가에서-판가름-난다.md,product_mismatch,하,"싼타페 하이브리드보다 잔존가치 17%p 높은 아이오닉 5, 감가에서 판가름 난다"
/Users/twinssn/Projects/cap/hotissue-hugo/content/posts/2026-03-24-투싼-하이브리드-vs-스포티지-하이브리드-3년-뒤-285만원-차이-나는-진짜-이유.md,product_mismatch,하,"투싼 하이브리드 vs 스포티지 하이브리드, 3년 뒤 285만원 차이 나는 진짜 이유"
/Users/twinssn/Projects/cap/hotissue-hugo/content/posts/2026-03-25-1655만원-캐스퍼과-1575만원-모닝-3년-뒤-남는-돈은.md,product_mismatch,하,"1,655만원 캐스퍼과 1,575만원 모닝, 3년 뒤 남는 돈은?"
/Users/twinssn/Projects/cap/hotissue-hugo/content/posts/2026-03-25-6990만원-ev9-3년-타면-실제로-4689만원-나간다.md,product_mismatch,하,"6,990만원 EV9, 3년 타면 실제로 4,689만원 나간다"
/Users/twinssn/Projects/cap/hotissue-hugo/content/posts/2026-03-25-ev6보다-잔존가치-4p-높은-아이오닉-5-감가에서-판가름-난다.md,product_mismatch,하,"EV6보다 잔존가치 4%p 높은 아이오닉 5, 감가에서 판가름 난다"
/Users/twinssn/Projects/cap/hotissue-hugo/content/posts/2026-03-25-신차-3154만원-k5-감가-1457만원-감당할-수-있는-수준.md,product_mismatch,하,"신차 3,154만원 K5, 감가 1,457만원 — 감당할 수 있는 수준?"
/Users/twinssn/Projects/cap/hotissue-hugo/content/posts/2026-03-25-싼타페-하이브리드-쏘렌토-하이브리드-유지비-비교-보험세금유류비-월-29만원의-차이.md,product_mismatch,하,"싼타페 하이브리드 쏘렌토 하이브리드 유지비 비교 — 보험·세금·유류비 월 29만원의 차이"
/Users/twinssn/Projects/cap/hotissue-hugo/content/posts/2026-03-26-3년-후-중고값-2708만원-vs-그랜저-하이브리드-되팔-때-후회-없는-선택은.md,product_mismatch,하,"3년 후 중고값 2,708만원 vs 그랜저 하이브리드 — 되팔 때 후회 없는 선택은?"
/Users/twinssn/Projects/cap/hotissue-hugo/content/posts/2026-03-26-ev3-3년-타고-팔면-2544만원-빠진다-잔존가치-47의-의미.md,product_mismatch,하,"EV3 3년 타고 팔면 2,544만원 빠진다 — 잔존가치 47%의 의미"
/Users/twinssn/Projects/cap/hotissue-hugo/content/posts/2026-03-26-감가-1880만원-vs-2122만원-어느-쪽이-더-빠지나.md,product_mismatch,하,"감가 1,880만원 vs 2,122만원 — 어느 쪽이 더 빠지나"
/Users/twinssn/Projects/cap/hotissue-hugo/content/posts/2026-03-26-쏘렌토-하이브리드를-3년-보유하면-실제-비용-2616만원-감가가-80.md,product_mismatch,하,"쏘렌토 하이브리드를 3년 보유하면 실제 비용 2,616만원, 감가가 80%"
/Users/twinssn/Projects/cap/hotissue-hugo/content/posts/2026-03-26-잔존가치로-보면-답-나온다-그랜저-하이브리드와-k8-하이브리드-3년-실비용-비교.md,product_mismatch,하,"잔존가치로 보면 답 나온다 — 그랜저 하이브리드와 K8 하이브리드 3년 실비용 비교"
/Users/twinssn/Projects/cap/hotissue-hugo/content/posts/2026-03-27-2026-레이-ev-1인승-밴-에어-가격감가유지비-한눈에-보기.md,product_mismatch,하,"2026 레이 EV 1인승 밴 에어 — 가격·감가·유지비 한눈에 보기"
/Users/twinssn/Projects/cap/hotissue-hugo/content/posts/2026-03-27-k5보다-232만원-비싼-아반떼-3년-뒤엔-오히려-이득.md,product_mismatch,하,"K5보다 232만원 비싼 아반떼, 3년 뒤엔 오히려 이득?"
/Users/twinssn/Projects/cap/hotissue-hugo/content/posts/2026-03-27-아이오닉-6-감가가-큰-이유-3가지와-대처법.md,product_mismatch,하,"아이오닉 6 감가가 큰 이유 3가지와 대처법"
/Users/twinssn/Projects/cap/hotissue-hugo/content/posts/2026-03-27-코나-하이브리드-인스퍼레이션-월-유지비-60만원-감당-가능한-수준일까.md,product_mismatch,하,"코나 하이브리드 인스퍼레이션 월 유지비 60만원, 감당 가능한 수준일까"
/Users/twinssn/Projects/cap/hotissue-hugo/content/posts/2026-03-28-3년-후-중고값-3439만원-vs-그랜저-25-되팔-때-후회-없는-선택은.md,product_mismatch,하,"3년 후 중고값 3,439만원 vs 그랜저 2.5 — 되팔 때 후회 없는 선택은?"
/Users/twinssn/Projects/cap/hotissue-hugo/content/posts/2026-03-28-ev6-3년-총비용-3668만원-신차값보다-중요한-숫자.md,product_mismatch,하,"EV6 3년 총비용 3,668만원 — 신차값보다 중요한 숫자"
/Users/twinssn/Projects/cap/hotissue-hugo/content/posts/2026-03-28-쏘렌토-vs-쏘렌토-하이브리드-감가-비교-몰랐으면-451만원-손해-볼-뻔.md,product_mismatch,하,"쏘렌토 vs 쏘렌토 하이브리드 감가 비교 — 몰랐으면 451만원 손해 볼 뻔"
/Users/twinssn/Projects/cap/hotissue-hugo/content/posts/2026-03-28-아반떼-하이브리드보다-31만원-비싼-아반떼-3년-뒤엔-오히려-이득.md,product_mismatch,하,"아반떼 하이브리드보다 31만원 비싼 아반떼, 3년 뒤엔 오히려 이득?"
/Users/twinssn/Projects/cap/hotissue-hugo/content/posts/2026-03-29-2025-모닝-10-가솔린-프레스티지-잔존가치-분석-이-트림이-감가-적다.md,product_mismatch,하,"2025 모닝 1.0 가솔린 프레스티지 잔존가치 분석 — 이 트림이 감가 적다"
/Users/twinssn/Projects/cap/hotissue-hugo/content/posts/2026-03-29-2492만원-아반떼과-2523만원-하이브리드-3년-뒤-남는-돈은.md,product_mismatch,하,"2,492만원 아반떼과 2,523만원 하이브리드, 3년 뒤 남는 돈은?"
/Users/twinssn/Projects/cap/hotissue-hugo/content/posts/2026-03-29-그랜저-25-중고시세-58-유지-k8-하이브리드는-58-차이가-187만원.md,product_mismatch,하,"그랜저 2.5 중고시세 58% 유지, K8 하이브리드는 58% — 차이가 187만원"
/Users/twinssn/Projects/cap/hotissue-hugo/content/posts/2026-03-29-싼타페-하이브리드보다-잔존가치-3p-높은-쏘렌토-하이브리드-감가에서-판가름-난다.md,product_mismatch,하,"싼타페 하이브리드보다 잔존가치 3%p 높은 쏘렌토 하이브리드, 감가에서 판가름 난다"
/Users/twinssn/Projects/cap/hotissue-hugo/content/posts/2026-03-29-쏘렌토-하이브리드보다-잔존가치-9p-높은-쏘렌토-감가에서-판가름-난다.md,product_mismatch,하,"쏘렌토 하이브리드보다 잔존가치 9%p 높은 쏘렌토, 감가에서 판가름 난다"
/Users/twinssn/Projects/cap/hotissue-hugo/content/posts/2026-03-30-2026-k8-하이브리드-노블레스-가격감가유지비-한눈에-보기.md,product_mismatch,하,"2026 K8 하이브리드 노블레스 — 가격·감가·유지비 한눈에 보기"
/Users/twinssn/Projects/cap/hotissue-hugo/content/posts/2026-03-30-2026년-3월-k8-하이브리드-중고시세-전망-잔존가치-58-유지될까.md,product_mismatch,하,"2026년 3월 K8 하이브리드 중고시세 전망 — 잔존가치 58% 유지될까"
/Users/twinssn/Projects/cap/hotissue-hugo/content/posts/2026-03-30-3512만원-쏘나타와-3573만원-k5-하이브리드-실비용은-역전된다.md,product_mismatch,하,"3,512만원 쏘나타와 3,573만원 K5 하이브리드 — 실비용은 역전된다"
/Users/twinssn/Projects/cap/hotissue-hugo/content/posts/2026-03-30-ev6-롱-레인지-에어-4wd-5487만원-지금-이-가격-적정한가-2026년-3월.md,product_mismatch,하,"EV6 롱 레인지 에어 4WD 5,487만원, 지금 이 가격 적정한가 [2026년 3월]"
/Users/twinssn/Projects/cap/hotissue-hugo/content/posts/2026-03-30-신차값-1201만원-차이-3년-총비용은-253만원-ev3-vs-코나-하이브리드.md,product_mismatch,하,"신차값 1,201만원 차이, 3년 총비용은 253만원 — EV3 vs 코나 하이브리드"
/Users/twinssn/Projects/cap/hotissue-hugo/content/posts/2026-03-31-4710만원-그랜저-25와-4673만원-k8-실비용은-역전된다.md,product_mismatch,하,"4,710만원 그랜저 2.5와 4,673만원 K8 — 실비용은 역전된다"
/Users/twinssn/Projects/cap/hotissue-hugo/content/posts/2026-03-31-스포티지-하이브리드-감가가-큰-이유-3가지와-대처법.md,product_mismatch,하,"스포티지 하이브리드 감가가 큰 이유 3가지와 대처법"
/Users/twinssn/Projects/cap/hotissue-hugo/content/posts/2026-03-31-싼타페-하이브리드-vs-쏘렌토-감가-비교-몰랐으면-374만원-손해-볼-뻔.md,product_mismatch,하,"싼타페 하이브리드 vs 쏘렌토 감가 비교 — 몰랐으면 374만원 손해 볼 뻔"
/Users/twinssn/Projects/cap/hotissue-hugo/content/posts/2026-03-31-연봉-대비-코나-유지-가능할까-월-60만원의-진실.md,product_mismatch,하,"연봉 대비 코나 유지 가능할까? 월 60만원의 진실"
/Users/twinssn/Projects/cap/hotissue-hugo/content/posts/2026-03-31-잔존가치-65로-본-투싼-하이브리드-실질-소유비용.md,product_mismatch,하,"잔존가치 65%로 본 투싼 하이브리드 실질 소유비용"
/Users/twinssn/Projects/cap/hotissue-hugo/content/posts/2026-04-01-2026년-4월-기준-k8-하이브리드-그랜저-하이브리드-감가율-최신-분석.md,product_mismatch,하,"2026년 4월 기준 K8 하이브리드 그랜저 하이브리드 감가율 최신 분석"
/Users/twinssn/Projects/cap/hotissue-hugo/content/posts/2026-04-01-3512만원-쏘나타-3년-타면-실제로-2710만원-나간다.md,product_mismatch,하,"3,512만원 쏘나타, 3년 타면 실제로 2,710만원 나간다"
/Users/twinssn/Projects/cap/hotissue-hugo/content/posts/2026-04-01-그랜저-하이브리드-감가-1854만원-vs-그랜저-25-2171만원-어느-쪽이-더-빠지나.md,product_mismatch,하,"그랜저 하이브리드 감가 1,854만원 vs 그랜저 2.5 2,171만원 — 어느 쪽이 더 빠지나"
/Users/twinssn/Projects/cap/hotissue-hugo/content/posts/2026-04-01-스포티지-하이브리드보다-잔존가치-2p-높은-투싼-하이브리드-감가에서-판가름-난다.md,product_mismatch,하,"스포티지 하이브리드보다 잔존가치 2%p 높은 투싼 하이브리드, 감가에서 판가름 난다"
/Users/twinssn/Projects/cap/hotissue-hugo/content/posts/2026-04-01-쏘렌토보다-1032만원-비싼-아이오닉-5-3년-뒤엔-오히려-이득.md,product_mismatch,하,"쏘렌토보다 1,032만원 비싼 아이오닉 5, 3년 뒤엔 오히려 이득?"
/Users/twinssn/Projects/cap/hotissue-hugo/content/posts/2026-04-02-2025-아이오닉-5-vs-ev6-비교-감가유지비잔존가치-총정리-2026년-4월.md,product_mismatch,하,"2025 아이오닉 5 vs EV6 비교 — 감가·유지비·잔존가치 총정리 [2026년 4월]"
/Users/twinssn/Projects/cap/hotissue-hugo/content/posts/2026-04-02-그랜저-25-잔존가치-연차별-하락-1년-뒤-2년-뒤-3년-뒤-예상-시세.md,product_mismatch,하,"그랜저 2.5 잔존가치 연차별 하락 — 1년 뒤, 2년 뒤, 3년 뒤 예상 시세"
/Users/twinssn/Projects/cap/hotissue-hugo/content/posts/2026-04-02-그랜저-25보다-18만원-비싼-k8-하이브리드-3년-뒤엔-오히려-이득.md,product_mismatch,하,"그랜저 2.5보다 18만원 비싼 K8 하이브리드, 3년 뒤엔 오히려 이득?"
/Users/twinssn/Projects/cap/hotissue-hugo/content/posts/2026-04-02-모닝보다-잔존가치-2p-높은-캐스퍼-감가에서-판가름-난다.md,product_mismatch,하,"모닝보다 잔존가치 2%p 높은 캐스퍼, 감가에서 판가름 난다"
/Users/twinssn/Projects/cap/hotissue-hugo/content/posts/2026-04-02-연봉-대비-싼타페-하이브리드-유지-가능할까-월-29만원의-진실.md,product_mismatch,하,"연봉 대비 싼타페 하이브리드 유지 가능할까? 월 29만원의 진실"
/Users/twinssn/Projects/cap/hotissue-hugo/content/posts/2026-04-03-2789만원-아반떼-하이브리드과-3241만원-k5-하이브리드-3년-뒤-남는-돈은.md,product_mismatch,하,"2,789만원 아반떼 하이브리드과 3,241만원 K5 하이브리드, 3년 뒤 남는 돈은?"
/Users/twinssn/Projects/cap/hotissue-hugo/content/posts/2026-04-03-3년-후-중고값-1781만원-vs-코나-하이브리드-되팔-때-후회-없는-선택은.md,product_mismatch,하,"3년 후 중고값 1,781만원 vs 코나 하이브리드 — 되팔 때 후회 없는 선택은?"
/Users/twinssn/Projects/cap/hotissue-hugo/content/posts/2026-04-03-3년-후-중고값-3386만원-vs-k8-하이브리드-되팔-때-후회-없는-선택은.md,product_mismatch,하,"3년 후 중고값 3,386만원 vs K8 하이브리드 — 되팔 때 후회 없는 선택은?"
/Users/twinssn/Projects/cap/hotissue-hugo/content/posts/2026-04-03-같은-세그먼트-싼타페-하이브리드와-ev6-어느-쪽이-돈-덜-드는-차일까.md,product_mismatch,하,"같은 세그먼트 싼타페 하이브리드와 EV6, 어느 쪽이 돈 덜 드는 차일까"
/Users/twinssn/Projects/cap/hotissue-hugo/content/posts/2026-04-03-투싼-하이브리드와-싼타페-중-3년-후-덜-손해-보는-차는-2026년-4월-기준.md,product_mismatch,하,"투싼 하이브리드와 싼타페 중 3년 후 덜 손해 보는 차는? [2026년 4월 기준]"
/Users/twinssn/Projects/cap/hotissue-hugo/content/posts/2026-04-04-2026-그랜저-하이브리드-vs-쏘나타-비교-감가유지비잔존가치-총정리-2026년-4월.md,product_mismatch,하,"2026 그랜저 하이브리드 vs 쏘나타 비교 — 감가·유지비·잔존가치 총정리 [2026년 4월]"
/Users/twinssn/Projects/cap/hotissue-hugo/content/posts/2026-04-23-2026년-4월-아반떼-중고시세-전망-잔존가치-56-유지될까.md,product_mismatch,하,"2026년 4월 아반떼 중고시세 전망 — 잔존가치 56% 유지될까"
/Users/twinssn/Projects/cap/hotissue-hugo/content/posts/2026-04-23-2026년형-투싼-하이브리드-블랙-엣지-2wd-완전-분석-가격연비감가유지비-한눈에-2026년-4월.md,product_mismatch,하,"2026년형 투싼 하이브리드 블랙 엣지 2WD 완전 분석 — 가격·연비·감가·유지비 한눈에 [2026년 4월]"
/Users/twinssn/Projects/cap/hotissue-hugo/content/posts/2026-04-23-4710만원짜리-그랜저-25-3년-보유하면-잔존가치-61로-2873만원에-팔-수-있다.md,product_mismatch,하,"4,710만원짜리 그랜저 2.5, 3년 보유하면 잔존가치 61%로 2,873만원에 팔 수 있다"
/Users/twinssn/Projects/cap/hotissue-hugo/content/posts/2026-04-23-ev3-어스-롱-레인지-2wd-4810만원-vs-ev5-4812만원-3년-실비용-192만원-차이가-나는-이유.md,product_mismatch,하,"EV3 어스 롱 레인지 2WD 4,810만원 vs EV5 4,812만원 — 3년 실비용 192만원 차이가 나는 이유"
/Users/twinssn/Projects/cap/hotissue-hugo/content/posts/2026-04-23-전문가-없이-혼자-계산하는-싼타페-하이브리드-vs-ev6-3년-총비용-감가유지비잔존가치-공식.md,product_mismatch,하,"전문가 없이 혼자 계산하는 싼타페 하이브리드 vs EV6 3년 총비용 — 감가+유지비+잔존가치 공식"
/Users/twinssn/Projects/cap/hotissue-hugo/content/posts/2026-04-24-2025년-아이오닉-5-구매-고민-중이라면-총비용-3274만원-시뮬레이션으로-결정하세요.md,product_mismatch,하,"2025년 아이오닉 5 구매 고민 중이라면 — 총비용 3,274만원 시뮬레이션으로 결정하세요"
/Users/twinssn/Projects/cap/hotissue-hugo/content/posts/2026-04-24-5745만원-아이오닉-6-3년-후-3120만원-vs-k5-하이브리드-잔존가치가-구매-결정을-바꾼다.md,product_mismatch,하,"5,745만원 아이오닉 6 3년 후 3,120만원 vs K5 하이브리드 — 잔존가치가 구매 결정을 바꾼다"
/Users/twinssn/Projects/cap/hotissue-hugo/content/posts/2026-04-24-신차-5050만원-투싼-하이브리드-3년-뒤-중고값-3358만원의-현실.md,product_mismatch,하,"신차 5,050만원 투싼 하이브리드, 3년 뒤 중고값 3,358만원의 현실"
/Users/twinssn/Projects/cap/hotissue-hugo/content/posts/2026-04-24-싼타페-하이브리드-샀다가-3년-뒤-1553만원-날릴-수-있다-투싼-하이브리드와-감가-비교.md,product_mismatch,하,"싼타페 하이브리드 샀다가 3년 뒤 1,553만원 날릴 수 있다 — 투싼 하이브리드와 감가 비교"
/Users/twinssn/Projects/cap/hotissue-hugo/content/posts/2026-04-24-잔존가치-66로-계산한-쏘렌토-하이브리드-실질-소유비용-감가유지비-2557만원의-구성.md,product_mismatch,하,"잔존가치 66%로 계산한 쏘렌토 하이브리드 실질 소유비용 — 감가+유지비 2,557만원의 구성"
/Users/twinssn/Projects/cap/hotissue-hugo/content/posts/2026-04-25-그랜저-하이브리드-3년-타고-팔면-1769만원-빠진다-잔존가치-66의-의미.md,product_mismatch,하,"그랜저 하이브리드 3년 타고 팔면 1,769만원 빠진다 — 잔존가치 66%의 의미"
/Users/twinssn/Projects/cap/hotissue-hugo/content/posts/2026-04-25-아이오닉-6-감가-2689만원의-현실-3년-보유-후-중고-매각-시-실제-손실-계산.md,product_mismatch,하,"아이오닉 6 감가 2,689만원의 현실 — 3년 보유 후 중고 매각 시 실제 손실 계산"
/Users/twinssn/Projects/cap/hotissue-hugo/content/posts/2026-04-25-캐스퍼-10-가솔린-밴-터보-스마트-초이스와-모닝-3년-감가-각각-702만원-vs-701만원-차이가-나는-결정적-이유.md,product_mismatch,하,"캐스퍼 1.0 가솔린 밴 터보 스마트 초이스와 모닝 — 3년 감가 각각 702만원 vs 701만원, 차이가 나는 결정적 이유"
/Users/twinssn/Projects/cap/hotissue-hugo/content/posts/2026-04-26-5487만원에-산-ev6-3년-뒤-2881만원-감가-분석.md,product_mismatch,하,"5,487만원에 산 EV6, 3년 뒤 2,881만원 — 감가 분석"
/Users/twinssn/Projects/cap/hotissue-hugo/content/posts/2026-04-26-레이-ev-캐스퍼-유지비-비교-보험세금유류비-월-11만원의-차이.md,product_mismatch,하,"레이 EV 캐스퍼 유지비 비교 — 보험·세금·유류비 월 11만원의 차이"
/Users/twinssn/Projects/cap/hotissue-hugo/content/posts/2026-04-26-아반떼-하이브리드-샀다가-3년-뒤-993만원-날릴-수-있다-아반떼와-감가-비교.md,product_mismatch,하,"아반떼 하이브리드 샀다가 3년 뒤 993만원 날릴 수 있다 — 아반떼와 감가 비교"
/Users/twinssn/Projects/cap/hotissue-hugo/content/posts/2026-04-26-투싼-하이브리드-3년-총비용-2929만원-vs-싼타페-하이브리드-2786만원-매달-내는-돈으로-환산하면.md,product_mismatch,하,"투싼 하이브리드 3년 총비용 2,929만원 vs 싼타페 하이브리드 2,786만원 — 매달 내는 돈으로 환산하면?"
/Users/twinssn/Projects/cap/hotissue-hugo/content/posts/2026-04-27-4807만원-싼타페-하이브리드-3년-타면-실제로-2574만원-나간다.md,product_mismatch,하,"4,807만원 싼타페 하이브리드, 3년 타면 실제로 2,574만원 나간다"
/Users/twinssn/Projects/cap/hotissue-hugo/content/posts/2026-04-27-ev3-어스-롱-레인지-2wd-구매-전-반드시-확인할-3년-유지비-시뮬레이션-2938만원의-구성.md,product_mismatch,하,"EV3 어스 롱 레인지 2WD 구매 전 반드시 확인할 3년 유지비 시뮬레이션 — 2,938만원의 구성"
/Users/twinssn/Projects/cap/hotissue-hugo/content/posts/2026-04-27-그랜저-25를-사면-매달-얼마가-빠질까-유지비-총정리-2026년-4월.md,product_mismatch,하,"그랜저 2.5를 사면 매달 얼마가 빠질까? 유지비 총정리 [2026년 4월]"
/Users/twinssn/Projects/cap/hotissue-hugo/content/posts/2026-04-27-그랜저-하이브리드-캘리그래피-트림별-잔존가치-차이-어떤-트림이-중고-시장에서-더-잘-팔리나.md,product_mismatch,하,"그랜저 하이브리드 캘리그래피 트림별 잔존가치 차이 — 어떤 트림이 중고 시장에서 더 잘 팔리나"
/Users/twinssn/Projects/cap/hotissue-hugo/content/posts/2026-04-27-쏘렌토-잔존가치-연차별-하락-1년-뒤-2년-뒤-3년-뒤-예상-시세.md,product_mismatch,하,"쏘렌토 잔존가치 연차별 하락 — 1년 뒤, 2년 뒤, 3년 뒤 예상 시세"
/Users/twinssn/Projects/cap/hotissue-hugo/content/posts/2026-04-28-2026년-4월-k5-하이브리드-중고-시세-동향-잔존가치-61-유지될-수-있을까.md,product_mismatch,하,"2026년 4월 K5 하이브리드 중고 시세 동향 — 잔존가치 61% 유지될 수 있을까"
/Users/twinssn/Projects/cap/hotissue-hugo/content/posts/2026-04-28-3931만원-스포티지-하이브리드-3년-타면-실제로-2434만원-나간다.md,product_mismatch,하,"3,931만원 스포티지 하이브리드, 3년 타면 실제로 2,434만원 나간다"
/Users/twinssn/Projects/cap/hotissue-hugo/content/posts/2026-04-28-5487만원-ev6과-5127만원-싼타페-하이브리드-3년-뒤-남는-돈은.md,product_mismatch,하,"5,487만원 EV6과 5,127만원 싼타페 하이브리드, 3년 뒤 남는 돈은?"
/Users/twinssn/Projects/cap/hotissue-hugo/content/posts/2026-04-28-아반떼-하이브리드-감가가-빠른-이유와-느린-데이터로-본-잔존가치-결정-요인.md,product_mismatch,하,"아반떼 하이브리드 감가가 빠른 이유와 느린 — 데이터로 본 잔존가치 결정 요인"
/Users/twinssn/Projects/cap/hotissue-hugo/content/posts/2026-04-28-월급-300만원-직장인이-쏘렌토-하이브리드을-사면-매달-실제로-얼마가-나갈까.md,product_mismatch,하,"월급 300만원 직장인이 쏘렌토 하이브리드을 사면 매달 실제로 얼마가 나갈까"
/Users/twinssn/Projects/cap/hotissue-hugo/content/posts/2026-04-29-2026년형-k5-20-가솔린-노블레스-잔존가치-분석-1년2년3년-단계별-예상-중고-시세.md,product_mismatch,하,"2026년형 K5 2.0 가솔린 노블레스 잔존가치 분석 — 1년·2년·3년 단계별 예상 중고 시세"
/Users/twinssn/Projects/cap/hotissue-hugo/content/posts/2026-04-29-ev3-감가-2309만원-vs-ev5-2276만원-어느-쪽이-더-빠지나.md,product_mismatch,하,"EV3 감가 2,309만원 vs EV5 2,276만원 — 어느 쪽이 더 빠지나"
/Users/twinssn/Projects/cap/hotissue-hugo/content/posts/2026-04-29-신차-1575만원-모닝-3년-뒤-중고값-895만원-잔존가치-57의-의미.md,product_mismatch,하,"신차 1,575만원 모닝, 3년 뒤 중고값 895만원 — 잔존가치 57%의 의미"
/Users/twinssn/Projects/cap/hotissue-hugo/content/posts/2026-04-29-잔존가치-59로-본-캐스퍼-실질-소유비용.md,product_mismatch,하,"잔존가치 59%로 본 캐스퍼 실질 소유비용"
/Users/twinssn/Projects/cap/hotissue-hugo/content/posts/2026-04-29-잔존가치-67로-본-그랜저-하이브리드-실질-소유비용.md,product_mismatch,하,"잔존가치 67%로 본 그랜저 하이브리드 실질 소유비용"
/Users/twinssn/Projects/cap/hotissue-hugo/content/posts/2026-04-30-2493만원짜리-포터2-3년-보유하면-잔존가치-57로-1416만원에-팔-수-있다.md,product_mismatch,하,"2,493만원짜리 포터2, 3년 보유하면 잔존가치 57%로 1,416만원에 팔 수 있다"
/Users/twinssn/Projects/cap/hotissue-hugo/content/posts/2026-04-30-5487만원-ev6-vs-5450만원-아이오닉-5-3년-뒤-감가-손실-2573만원-vs-2349만원-비교.md,product_mismatch,하,"5,487만원 EV6 vs 5,450만원 아이오닉 5 — 3년 뒤 감가 손실 2,573만원 vs 2,349만원 비교"
/Users/twinssn/Projects/cap/hotissue-hugo/content/posts/2026-04-30-신차-투싼-하이브리드-5050만원-취등록세탁송비보험-더하면-실제-출고비용은-얼마.md,product_mismatch,하,"신차 투싼 하이브리드 5,050만원, 취등록세·탁송비·보험 더하면 실제 출고비용은 얼마?"
/Users/twinssn/Projects/cap/hotissue-hugo/content/posts/2026-04-30-싼타페-하이브리드-유지비-월-29만원-이게-부담인지-아닌지-연봉별로-계산해봤다.md,product_mismatch,하,"싼타페 하이브리드 유지비 월 29만원, 이게 부담인지 아닌지 연봉별로 계산해봤다"
/Users/twinssn/Projects/cap/hotissue-hugo/content/posts/2026-04-30-연봉-5천-직장인이-k5-하이브리드을-유지하려면-월급의-몇-를-써야-할까.md,product_mismatch,하,"연봉 5천 직장인이 K5 하이브리드을 유지하려면 월급의 몇 %를 써야 할까"
/Users/twinssn/Projects/cap/hotissue-hugo/content/posts/2026-05-01-2026년형-아반떼-lpi-16-모던-완전-분석-가격연비감가유지비-한눈에-2026년-5월.md,product_mismatch,하,"2026년형 아반떼 LPi 1.6 모던 완전 분석 — 가격·연비·감가·유지비 한눈에 [2026년 5월]"
/Users/twinssn/Projects/cap/hotissue-hugo/content/posts/2026-05-01-같은-세그먼트-그랜저-하이브리드-5266만원-vs-그랜저-25-5084만원-보험료자동차세연료비-항목별-승자.md,product_mismatch,하,"같은 세그먼트 그랜저 하이브리드 5,266만원 vs 그랜저 2.5 5,084만원 — 보험료·자동차세·연료비 항목별 승자"
/Users/twinssn/Projects/cap/hotissue-hugo/content/posts/2026-05-01-월급-300만원-직장인이-ev6을-사면-매달-실제로-얼마가-나갈까.md,product_mismatch,하,"월급 300만원 직장인이 EV6을 사면 매달 실제로 얼마가 나갈까"
/Users/twinssn/Projects/cap/hotissue-hugo/content/posts/2026-05-01-캐스퍼-감가가-빠른-이유와-느린-데이터로-본-잔존가치-결정-요인.md,product_mismatch,하,"캐스퍼 감가가 빠른 이유와 느린 — 데이터로 본 잔존가치 결정 요인"
/Users/twinssn/Projects/cap/hotissue-hugo/content/posts/2026-05-01-포터2-2wd-슈퍼캡-초장축-프리미엄-2493만원-3년-타고-팔면-실제로-2505만원-나가는-이유.md,product_mismatch,하,"포터2 2WD 슈퍼캡 초장축 프리미엄 2,493만원 — 3년 타고 팔면 실제로 2,505만원 나가는 이유"
/Users/twinssn/Projects/cap/hotissue-hugo/content/posts/2026-05-02-4807만원-신차-싼타페-하이브리드-1년-뒤-실제-시세는-얼마일까-감가-곡선-분석.md,product_mismatch,하,"4,807만원 신차 싼타페 하이브리드, 1년 뒤 실제 시세는 얼마일까 — 감가 곡선 분석"
/Users/twinssn/Projects/cap/hotissue-hugo/content/posts/2026-05-02-신차값-822만원-차이-3년-총비용은-397만원-ev6-vs-쏘렌토.md,product_mismatch,하,"신차값 822만원 차이, 3년 총비용은 397만원 — EV6 vs 쏘렌토"
/Users/twinssn/Projects/cap/hotissue-hugo/content/posts/2026-05-02-아이오닉-5-3년-총비용-3257만원-신차값보다-중요한-숫자.md,product_mismatch,하,"아이오닉 5 3년 총비용 3,257만원 — 신차값보다 중요한 숫자"
/Users/twinssn/Projects/cap/hotissue-hugo/content/posts/2026-05-02-잔존가치-54로-본-아이오닉-6-실질-소유비용.md,product_mismatch,하,"잔존가치 54%로 본 아이오닉 6 실질 소유비용"
/Users/twinssn/Projects/cap/hotissue-hugo/content/posts/2026-05-02-포터2를-3년-보유하면-실제-비용-2485만원-감가가-80.md,product_mismatch,하,"포터2를 3년 보유하면 실제 비용 2,485만원, 감가가 80%"
/Users/twinssn/Projects/cap/hotissue-hugo/content/posts/2026-05-03-4807만원-싼타페-하이브리드-3년-후-3264만원-vs-쏘렌토-하이브리드-잔존가치가-구매-결정을-바꾼다.md,product_mismatch,하,"4,807만원 싼타페 하이브리드 3년 후 3,264만원 vs 쏘렌토 하이브리드 — 잔존가치가 구매 결정을 바꾼다"
/Users/twinssn/Projects/cap/hotissue-hugo/content/posts/2026-05-03-그랜저-하이브리드-잔존가치-연차별-하락-1년-뒤-2년-뒤-3년-뒤-예상-시세.md,product_mismatch,하,"그랜저 하이브리드 잔존가치 연차별 하락 — 1년 뒤, 2년 뒤, 3년 뒤 예상 시세"
/Users/twinssn/Projects/cap/hotissue-hugo/content/posts/2026-05-03-쏘렌토-감가가-빠른-이유와-느린-데이터로-본-잔존가치-결정-요인.md,product_mismatch,하,"쏘렌토 감가가 빠른 이유와 느린 — 데이터로 본 잔존가치 결정 요인"
/Users/twinssn/Projects/cap/hotissue-hugo/content/posts/2026-05-03-쏘렌토-하이브리드-노블레스-4wd-트림별-잔존가치-차이-어떤-트림이-중고-시장에서-더-잘-팔리나.md,product_mismatch,하,"쏘렌토 하이브리드 노블레스 4WD 트림별 잔존가치 차이 — 어떤 트림이 중고 시장에서 더 잘 팔리나"
/Users/twinssn/Projects/cap/hotissue-hugo/content/posts/2026-05-03-투싼-하이브리드-vs-싼타페-하이브리드-잔존가치-완전-비교-68-vs-69-3년-뒤-123만원-차이가-나는-이유.md,product_mismatch,하,"투싼 하이브리드 vs 싼타페 하이브리드 잔존가치 완전 비교 — 68% vs 69%, 3년 뒤 123만원 차이가 나는 이유"
/Users/twinssn/Projects/cap/hotissue-hugo/content/posts/2026-05-04-3년-타고-파는-포터2-총-손실은-2513만원-감가-1112만원이-80-차지.md,product_mismatch,하,"3년 타고 파는 포터2, 총 손실은 2,513만원 — 감가 1,112만원이 80% 차지"
/Users/twinssn/Projects/cap/hotissue-hugo/content/posts/2026-05-04-스포티지-하이브리드-3년-타고-팔면-1380만원-빠진다-잔존가치-65의-의미.md,product_mismatch,하,"스포티지 하이브리드 3년 타고 팔면 1,380만원 빠진다 — 잔존가치 65%의 의미"
/Users/twinssn/Projects/cap/hotissue-hugo/content/posts/2026-05-04-연봉-5천-직장인-기준-쏘렌토와-싼타페-하이브리드-월-실부담-어느-쪽이-적을까-2026년-5월.md,product_mismatch,하,"연봉 5천 직장인 기준 쏘렌토와 싼타페 하이브리드, 월 실부담 어느 쪽이 적을까 [2026년 5월]"
/Users/twinssn/Projects/cap/hotissue-hugo/content/posts/2026-05-04-잔존가치-57로-본-아이오닉-5-실질-소유비용.md,product_mismatch,하,"잔존가치 57%로 본 아이오닉 5 실질 소유비용"
/Users/twinssn/Projects/cap/hotissue-hugo/content/posts/2026-05-04-중고로-팔-때-68-남는-투싼-하이브리드-이-감가율이면-괜찮은-걸까.md,product_mismatch,하,"중고로 팔 때 68% 남는 투싼 하이브리드, 이 감가율이면 괜찮은 걸까"
/Users/twinssn/Projects/cap/hotissue-hugo/content/posts/2026-05-05-3년-후-중고차-팔-때-후회-없는-선택-쏘렌토-하이브리드-vs-아이오닉-5-감가-비교-2026년-5월.md,product_mismatch,하,"3년 후 중고차 팔 때 후회 없는 선택 — 쏘렌토 하이브리드 vs 아이오닉 5 감가 비교 [2026년 5월]"
/Users/twinssn/Projects/cap/hotissue-hugo/content/posts/2026-05-05-k5-하이브리드-잔존가치-62-vs-k5-55-3년-보유-후-중고-매각-시-실제-손실-비교.md,product_mismatch,하,"K5 하이브리드 잔존가치 62% vs K5 55% — 3년 보유 후 중고 매각 시 실제 손실 비교"
/Users/twinssn/Projects/cap/hotissue-hugo/content/posts/2026-05-05-스포티지-하이브리드보다-832만원-비싼-투싼-하이브리드-3년-뒤엔-오히려-이득.md,product_mismatch,하,"스포티지 하이브리드보다 832만원 비싼 투싼 하이브리드, 3년 뒤엔 오히려 이득?"
/Users/twinssn/Projects/cap/hotissue-hugo/content/posts/2026-05-05-신차-쏘렌토-4260만원-취등록세탁송비보험-더하면-실제-출고비용은-얼마.md,product_mismatch,하,"신차 쏘렌토 4,260만원, 취등록세·탁송비·보험 더하면 실제 출고비용은 얼마?"
/Users/twinssn/Projects/cap/hotissue-hugo/content/posts/2026-05-05-포터2-3년-총비용-2488만원-신차값보다-중요한-숫자.md,product_mismatch,하,"포터2 3년 총비용 2,488만원 — 신차값보다 중요한 숫자"
/Users/twinssn/Projects/cap/hotissue-hugo/content/posts/2026-05-06-2026년-5월-기준-아이오닉-5-ev6-감가율-최신-분석.md,product_mismatch,하,"2026년 5월 기준 아이오닉 5 EV6 감가율 최신 분석"
/Users/twinssn/Projects/cap/hotissue-hugo/content/posts/2026-05-06-2026년-싼타페-하이브리드-구매-고민-중이라면-총비용-2555만원-시뮬레이션으로-결정하세요.md,product_mismatch,하,"2026년 싼타페 하이브리드 구매 고민 중이라면 — 총비용 2,555만원 시뮬레이션으로 결정하세요"
/Users/twinssn/Projects/cap/hotissue-hugo/content/posts/2026-05-06-아반떼-하이브리드-감가가-큰-이유-3가지와-대처법.md,product_mismatch,하,"아반떼 하이브리드 감가가 큰 이유 3가지와 대처법"
/Users/twinssn/Projects/cap/hotissue-hugo/content/posts/2026-05-06-중고차-시장에서-쏘렌토-하이브리드와-쏘렌토-어느-쪽이-더-잘-팔리고-덜-떨어질까.md,product_mismatch,하,"중고차 시장에서 쏘렌토 하이브리드와 쏘렌토, 어느 쪽이 더 잘 팔리고 덜 떨어질까"
/Users/twinssn/Projects/cap/hotissue-hugo/content/posts/2026-05-06-포터2를-사면-매달-얼마가-빠질까-유지비-총정리-2026년-5월.md,product_mismatch,하,"포터2를 사면 매달 얼마가 빠질까? 유지비 총정리 [2026년 5월]"
/Users/twinssn/Projects/cap/hotissue-hugo/content/posts/2026-05-07-2026년-k5-구매-결정-가이드-잔존가치-55와-3년-총비용-2545만원으로-판단하는-법.md,product_mismatch,하,"2026년 K5 구매 결정 가이드 — 잔존가치 55%와 3년 총비용 2,545만원으로 판단하는 법"
/Users/twinssn/Projects/cap/hotissue-hugo/content/posts/2026-05-07-5487만원-ev6-3년-후-2941만원-vs-쏘렌토-하이브리드-잔존가치가-구매-결정을-바꾼다.md,product_mismatch,하,"5,487만원 EV6 3년 후 2,941만원 vs 쏘렌토 하이브리드 — 잔존가치가 구매 결정을 바꾼다"
/Users/twinssn/Projects/cap/hotissue-hugo/content/posts/2026-05-07-k5-20-가솔린-노블레스-월-유지비-31만원-감당-가능한-수준일까.md,product_mismatch,하,"K5 2.0 가솔린 노블레스 월 유지비 31만원, 감당 가능한 수준일까"
/Users/twinssn/Projects/cap/hotissue-hugo/content/posts/2026-05-07-신차-5745만원-아이오닉-6-3년-뒤-3108만원에-팔-수-있다면-실제-소유비용은.md,product_mismatch,하,"신차 5,745만원 아이오닉 6, 3년 뒤 3,108만원에 팔 수 있다면 실제 소유비용은?"
/Users/twinssn/Projects/cap/hotissue-hugo/content/posts/2026-05-07-잔존가치-56로-계산한-모닝-실질-소유비용-감가유지비-1499만원의-구성.md,product_mismatch,하,"잔존가치 56%로 계산한 모닝 실질 소유비용 — 감가+유지비 1,499만원의 구성"
/Users/twinssn/Projects/cap/hotissue-hugo/content/posts/2026-05-08-2026년-k5-구매-고민-중이라면-총비용-2538만원-시뮬레이션으로-결정하세요.md,product_mismatch,하,"2026년 K5 구매 고민 중이라면 — 총비용 2,538만원 시뮬레이션으로 결정하세요"
/Users/twinssn/Projects/cap/hotissue-hugo/content/posts/2026-05-08-ev6를-사면-매달-얼마가-빠질까-유지비-총정리-2026년-5월.md,product_mismatch,하,"EV6를 사면 매달 얼마가 빠질까? 유지비 총정리 [2026년 5월]"
/Users/twinssn/Projects/cap/hotissue-hugo/content/posts/2026-05-08-쏘렌토-하이브리드보다-잔존가치-9p-높은-아이오닉-5-감가에서-판가름-난다.md,product_mismatch,하,"쏘렌토 하이브리드보다 잔존가치 9%p 높은 아이오닉 5, 감가에서 판가름 난다"
/Users/twinssn/Projects/cap/hotissue-hugo/content/posts/2026-05-08-아무도-계산-안-해주는-ev6-진짜-비용-3년-3377만원의-항목별-분해.md,product_mismatch,하,"아무도 계산 안 해주는 EV6 진짜 비용 — 3년 3,377만원의 항목별 분해"
/Users/twinssn/Projects/cap/hotissue-hugo/content/posts/2026-05-08-연봉-5천-직장인-기준-쏘렌토와-아이오닉-5-월-실부담-어느-쪽이-적을까-2026년-5월.md,product_mismatch,하,"연봉 5천 직장인 기준 쏘렌토와 아이오닉 5, 월 실부담 어느 쪽이 적을까 [2026년 5월]"
/Users/twinssn/Projects/cap/hotissue-hugo/content/posts/2026-05-09-k5-하이브리드-노블레스-3573만원-vs-아이오닉-6-4856만원-3년-실비용-525만원-차이가-나는-이유.md,product_mismatch,하,"K5 하이브리드 노블레스 3,573만원 vs 아이오닉 6 4,856만원 — 3년 실비용 525만원 차이가 나는 이유"
/Users/twinssn/Projects/cap/hotissue-hugo/content/posts/2026-05-09-같은-돈으로-모닝와-캐스퍼-중-3년-뒤-덜-후회할-차는-어느-쪽일까.md,product_mismatch,하,"같은 돈으로 모닝와 캐스퍼 중 3년 뒤 덜 후회할 차는 어느 쪽일까"
/Users/twinssn/Projects/cap/hotissue-hugo/content/posts/2026-05-09-신차-2493만원-포터2-3년-뒤-중고값-1416만원의-현실.md,product_mismatch,하,"신차 2,493만원 포터2, 3년 뒤 중고값 1,416만원의 현실"
/Users/twinssn/Projects/cap/hotissue-hugo/content/posts/2026-05-09-싼타페-하이브리드-샀다가-3년-뒤-1586만원-날릴-수-있다-ev6와-감가-비교.md,product_mismatch,하,"싼타페 하이브리드 샀다가 3년 뒤 1,586만원 날릴 수 있다 — EV6와 감가 비교"
/Users/twinssn/Projects/cap/hotissue-hugo/content/posts/2026-05-09-중고-매각까지-포함한-아이오닉-5-vs-쏘렌토-실질-소유비용-3년-총손실-비교.md,product_mismatch,하,"중고 매각까지 포함한 아이오닉 5 vs 쏘렌토 실질 소유비용 — 3년 총손실 비교"
/Users/twinssn/Projects/cap/hotissue-hugo/content/posts/2026-05-10-모델-y-프리미엄-롱-레인지-vs-gv70-연비감가보험-데이터로-본-2026년-최적-선택.md,product_mismatch,하,"모델 Y 프리미엄 롱 레인지 vs GV70 — 연비·감가·보험 데이터로 본 2026년 최적 선택"
/Users/twinssn/Projects/cap/hotissue-hugo/content/posts/2026-05-10-스포티지-하이브리드와-투싼-하이브리드-같은-기간-보유하면-누가-더-많이-남기나-2026년-5월.md,product_mismatch,하,"스포티지 하이브리드와 투싼 하이브리드, 같은 기간 보유하면 누가 더 많이 남기나 [2026년 5월]"
/Users/twinssn/Projects/cap/hotissue-hugo/content/posts/2026-05-10-싼타페-하이브리드-잔존가치-68-vs-쏘렌토-56-감가-적은-쪽이-이긴다.md,product_mismatch,하,"싼타페 하이브리드 잔존가치 68% vs 쏘렌토 56% — 감가 적은 쪽이 이긴다"
/Users/twinssn/Projects/cap/hotissue-hugo/content/posts/2026-05-10-쏘렌토-잔존가치-57의-현실-쏘렌토-하이브리드와-비교했을-때-3년-후-중고-매각-손익.md,product_mismatch,하,"쏘렌토 잔존가치 57%의 현실 — 쏘렌토 하이브리드와 비교했을 때 3년 후 중고 매각 손익"
/Users/twinssn/Projects/cap/hotissue-hugo/content/posts/2026-05-10-포터2-잔존가치-56-감가를-최소화하는-보유-기간과-트림-선택법.md,product_mismatch,하,"포터2 잔존가치 56% — 감가를 최소화하는 보유 기간과 트림 선택법"
/Users/twinssn/Projects/cap/hotissue-hugo/content/posts/2026-05-11-3년-후-팔-계획이라면-cr-v-vs-gv70-잔존가치감가-시뮬레이션-2026년-5월.md,product_mismatch,하,"3년 후 팔 계획이라면 — CR-V vs GV70 잔존가치·감가 시뮬레이션 [2026년 5월]"
/Users/twinssn/Projects/cap/hotissue-hugo/content/posts/2026-05-11-gv70-감가가-빠른-이유와-느린-데이터로-본-잔존가치-결정-요인.md,product_mismatch,하,"GV70 감가가 빠른 이유와 느린 — 데이터로 본 잔존가치 결정 요인"
/Users/twinssn/Projects/cap/hotissue-hugo/content/posts/2026-05-11-마이바흐-s클래스-s-680와-8시리즈-3년-감가-각각-19839만원-vs-7904만원-차이가-나는-결정적-이유.md,product_mismatch,하,"마이바흐 S클래스 S 680와 8시리즈 — 3년 감가 각각 19,839만원 vs 7,904만원, 차이가 나는 결정적 이유"
/Users/twinssn/Projects/cap/hotissue-hugo/content/posts/2026-05-11-싼타페-하이브리드-68-vs-투싼-하이브리드-67-잔존가치-1p-차이가-실제-얼마인지-계산해봤다.md,product_mismatch,하,"싼타페 하이브리드 68% vs 투싼 하이브리드 67% — 잔존가치 1%p 차이가 실제 얼마인지 계산해봤다"
/Users/twinssn/Projects/cap/hotissue-hugo/content/posts/2026-05-11-잔존가치-56로-본-포터2-실질-소유비용.md,product_mismatch,하,"잔존가치 56%로 본 포터2 실질 소유비용"
/Users/twinssn/Projects/cap/hotissue-hugo/content/posts/2026-05-12-3년-후-팔-계획이라면-gv70-vs-q4-e-트론-잔존가치감가-시뮬레이션-2026년-5월.md,product_mismatch,하,"3년 후 팔 계획이라면 — GV70 vs Q4 e-트론 잔존가치·감가 시뮬레이션 [2026년 5월]"
/Users/twinssn/Projects/cap/hotissue-hugo/content/posts/2026-05-12-7180만원-q4-e-트론과-6168만원-gv70-3년-뒤-남는-돈은.md,product_mismatch,하,"7,180만원 Q4 e-트론과 6,168만원 GV70, 3년 뒤 남는 돈은?"
/Users/twinssn/Projects/cap/hotissue-hugo/content/posts/2026-05-12-8시리즈-51-vs-마이바흐-s클래스-50-잔존가치-1p-차이가-실제-얼마인지-계산해봤다.md,product_mismatch,하,"8시리즈 51% vs 마이바흐 S클래스 50% — 잔존가치 1%p 차이가 실제 얼마인지 계산해봤다"
/Users/twinssn/Projects/cap/hotissue-hugo/content/posts/2026-05-12-연식별-그랑-콜레오스-잔존가치-비교-2026년형이-이전-모델보다-감가가-느린-이유.md,product_mismatch,하,"연식별 그랑 콜레오스 잔존가치 비교 — 2026년형이 이전 모델보다 감가가 느린 이유"
/Users/twinssn/Projects/cap/hotissue-hugo/content/posts/2026-05-12-포터2-3년-총비용-2473만원-중-감가-1072만원-유지비-1401만원-어디서-더-새나.md,product_mismatch,하,"포터2 3년 총비용 2,473만원 중 감가 1,072만원, 유지비 1,401만원 — 어디서 더 새나"
/Users/twinssn/Projects/cap/hotissue-hugo/content/posts/2026-05-13-그랜저-25-리세일-전략-3년-후-2793만원에-팔려면-관리-포인트는.md,product_mismatch,하,"그랜저 2.5 리세일 전략 — 3년 후 2,793만원에 팔려면 관리 포인트는?"
/Users/twinssn/Projects/cap/hotissue-hugo/content/posts/2026-05-13-모델-y-샀다가-3년-뒤-2918만원-날릴-수-있다-무쏘와-감가-비교.md,product_mismatch,하,"모델 Y 샀다가 3년 뒤 2,918만원 날릴 수 있다 — 무쏘와 감가 비교"
/Users/twinssn/Projects/cap/hotissue-hugo/content/posts/2026-05-13-중고차-시장에서-gv70와-그랑-콜레오스-하이브리드-어느-쪽이-더-잘-팔리고-덜-떨어질까.md,product_mismatch,하,"중고차 시장에서 GV70와 그랑 콜레오스 하이브리드, 어느 쪽이 더 잘 팔리고 덜 떨어질까"
/Users/twinssn/Projects/cap/hotissue-hugo/content/posts/2026-05-13-포터2-감가-1082만원의-현실-3년-보유-후-중고-매각-시-실제-손실-계산.md,product_mismatch,하,"포터2 감가 1,082만원의 현실 — 3년 보유 후 중고 매각 시 실제 손실 계산"
/Users/twinssn/Projects/cap/hotissue-hugo/content/posts/2026-05-14-gv70-가솔린-35-터보-2wd-5868만원-지금-이-가격-적정한가-2026년-5월.md,product_mismatch,하,"GV70 가솔린 3.5 터보 2WD 5,868만원, 지금 이 가격 적정한가 [2026년 5월]"
/Users/twinssn/Projects/cap/hotissue-hugo/content/posts/2026-05-14-그랑-콜레오스-하이브리드-vs-gv70-잔존가치-완전-비교-50-vs-67-3년-뒤-68만원-차이가-나는-이유.md,product_mismatch,하,"그랑 콜레오스 하이브리드 vs GV70 잔존가치 완전 비교 — 50% vs 67%, 3년 뒤 68만원 차이가 나는 이유"
/Users/twinssn/Projects/cap/hotissue-hugo/content/posts/2026-05-14-신차값-399만원-차이-3년-총비용은-434만원-캠리-vs-프리우스.md,product_mismatch,하,"신차값 399만원 차이, 3년 총비용은 434만원 — 캠리 vs 프리우스"
/Users/twinssn/Projects/cap/hotissue-hugo/content/posts/2026-05-14-전문가-없이-혼자-계산하는-x3-vs-gv70-3년-총비용-감가유지비잔존가치-공식.md,product_mismatch,하,"전문가 없이 혼자 계산하는 X3 vs GV70 3년 총비용 — 감가+유지비+잔존가치 공식"
/Users/twinssn/Projects/cap/hotissue-hugo/content/posts/2026-05-14-중고로-팔-때-덜-떨어지는-차는-프리우스-vs-캠리-잔존가치-비교.md,product_mismatch,하,"중고로 팔 때 덜 떨어지는 차는? 프리우스 vs 캠리 잔존가치 비교"
/Users/twinssn/Projects/cap/hotissue-hugo/content/posts/2026-05-15-2026년형-포터2-2wd-슈퍼캡-초장축-프리미엄-잔존가치-분석-1년2년3년-단계별-예상-중고-시세.md,product_mismatch,하,"2026년형 포터2 2WD 슈퍼캡 초장축 프리미엄 잔존가치 분석 — 1년·2년·3년 단계별 예상 중고 시세"
/Users/twinssn/Projects/cap/hotissue-hugo/content/posts/2026-05-15-g클래스보다-잔존가치-5p-높은-렉스턴-감가에서-판가름-난다.md,product_mismatch,하,"G클래스보다 잔존가치 5%p 높은 렉스턴, 감가에서 판가름 난다"
/Users/twinssn/Projects/cap/hotissue-hugo/content/posts/2026-05-15-아이오닉-6-n와-캠리-같은-기간-보유하면-누가-더-많이-남기나-2026년-5월.md,product_mismatch,하,"아이오닉 6 N와 캠리, 같은 기간 보유하면 누가 더 많이 남기나 [2026년 5월]"
/Users/twinssn/Projects/cap/hotissue-hugo/content/posts/2026-05-15-연봉-5천-직장인-기준-g클래스과-렉스턴-월-실부담-어느-쪽이-적을까-2026년-5월.md,product_mismatch,하,"연봉 5천 직장인 기준 G클래스과 렉스턴, 월 실부담 어느 쪽이 적을까 [2026년 5월]"
/Users/twinssn/Projects/cap/hotissue-hugo/content/posts/2026-05-15-중고로-팔-때-덜-떨어지는-차는-x2-vs-x1-잔존가치-비교.md,product_mismatch,하,"중고로 팔 때 덜 떨어지는 차는? X2 vs X1 잔존가치 비교"
/Users/twinssn/Projects/cap/hotissue-hugo/content/posts/2026-05-16-2026년-포터2-구매-결정-가이드-잔존가치-56와-3년-총비용-2498만원으로-판단하는-법.md,product_mismatch,하,"2026년 포터2 구매 결정 가이드 — 잔존가치 56%와 3년 총비용 2,498만원으로 판단하는 법"
/Users/twinssn/Projects/cap/hotissue-hugo/content/posts/2026-05-16-4405만원-그랑-콜레오스-하이브리드-3년-후-2260만원-vs-모델-y-잔존가치가-구매-결정을-바꾼다.md,product_mismatch,하,"4,405만원 그랑 콜레오스 하이브리드 3년 후 2,260만원 vs 모델 Y — 잔존가치가 구매 결정을 바꾼다"
/Users/twinssn/Projects/cap/hotissue-hugo/content/posts/2026-05-16-nx보다-296만원-비싼-모델-y-3년-뒤엔-오히려-이득.md,product_mismatch,하,"NX보다 296만원 비싼 모델 Y, 3년 뒤엔 오히려 이득?"
/Users/twinssn/Projects/cap/hotissue-hugo/content/posts/2026-05-16-x3보다-982만원-비싼-gv70-3년-뒤엔-오히려-이득.md,product_mismatch,하,"X3보다 982만원 비싼 GV70, 3년 뒤엔 오히려 이득?"
/Users/twinssn/Projects/cap/hotissue-hugo/content/posts/2026-05-16-포터2-감가가-빠른-이유와-느린-데이터로-본-잔존가치-결정-요인.md,product_mismatch,하,"포터2 감가가 빠른 이유와 느린 — 데이터로 본 잔존가치 결정 요인"
/Users/twinssn/Projects/cap/hotissue-hugo/content/posts/2026-05-17-3년-후-중고값-4918만원-vs-모델-y-되팔-때-후회-없는-선택은.md,product_mismatch,하,"3년 후 중고값 4,918만원 vs 모델 Y — 되팔 때 후회 없는 선택은?"
/Users/twinssn/Projects/cap/hotissue-hugo/content/posts/2026-05-17-cr-v-중고시세-57-유지-무쏘는-48-차이가-109만원.md,product_mismatch,하,"CR-V 중고시세 57% 유지, 무쏘는 48% — 차이가 109만원"
/Users/twinssn/Projects/cap/hotissue-hugo/content/posts/2026-05-17-중고-매각까지-포함한-gv70-vs-cr-v-실질-소유비용-3년-총손실-비교.md,product_mismatch,하,"중고 매각까지 포함한 GV70 vs CR-V 실질 소유비용 — 3년 총손실 비교"
/Users/twinssn/Projects/cap/hotissue-hugo/content/posts/2026-05-17-캠리-하이브리드-xle-프리미엄ct-5327만원-vs-g70-4933만원-3년-실비용-143만원-차이가-나는-이유.md,product_mismatch,하,"캠리 하이브리드 XLE 프리미엄C/T 5,327만원 vs G70 4,933만원 — 3년 실비용 143만원 차이가 나는 이유"
/Users/twinssn/Projects/cap/hotissue-hugo/content/posts/2026-05-17-토레스-evx-구매-전-꼭-알아야-할-감가-속도-v60-크로스-컨트리와-비교하면-답이-나온다.md,product_mismatch,하,"토레스 EVX 구매 전 꼭 알아야 할 감가 속도 — V60 크로스 컨트리와 비교하면 답이 나온다"
/Users/twinssn/Projects/cap/hotissue-hugo/content/posts/2026-05-18-g70-가솔린-33-터보-자동차세-65만원-보험-130만원-유류비-245만원-연간-고정비-총정리.md,product_mismatch,하,"G70 가솔린 3.3 터보 자동차세 65만원 + 보험 130만원 + 유류비 245만원 — 연간 고정비 총정리"
/Users/twinssn/Projects/cap/hotissue-hugo/content/posts/2026-05-18-i4-잔존가치-연차별-하락-1년-뒤-2년-뒤-3년-뒤-예상-시세.md,product_mismatch,하,"i4 잔존가치 연차별 하락 — 1년 뒤, 2년 뒤, 3년 뒤 예상 시세"
/Users/twinssn/Projects/cap/hotissue-hugo/content/posts/2026-05-18-k9-샀다가-3년-뒤-3403만원-날릴-수-있다-마이바흐-sl와-감가-비교.md,product_mismatch,하,"K9 샀다가 3년 뒤 3,403만원 날릴 수 있다 — 마이바흐 SL와 감가 비교"
/Users/twinssn/Projects/cap/hotissue-hugo/content/posts/2026-05-18-모델-y-vs-그랑-콜레오스-하이브리드-비교-구매-가격보다-유지비에서-419만원-더-갈린다.md,product_mismatch,하,"모델 Y vs 그랑 콜레오스 하이브리드 비교 — 구매 가격보다 유지비에서 419만원 더 갈린다"
/Users/twinssn/Projects/cap/hotissue-hugo/content/posts/2026-05-18-포터2-감가-1122만원의-현실-3년-보유-후-중고-매각-시-실제-손실-계산.md,product_mismatch,하,"포터2 감가 1,122만원의 현실 — 3년 보유 후 중고 매각 시 실제 손실 계산"
/Users/twinssn/Projects/cap/hotissue-hugo/content/posts/2026-05-19-같은-세그먼트-cr-v와-gv80-쿠페-어느-쪽이-돈-덜-드는-차일까.md,product_mismatch,하,"같은 세그먼트 CR-V와 GV80 쿠페, 어느 쪽이 돈 덜 드는 차일까"
/Users/twinssn/Projects/cap/hotissue-hugo/content/posts/2026-05-19-연봉-5천-직장인-기준-gv70와-무쏘-월-실부담-어느-쪽이-적을까-2026년-5월.md,product_mismatch,하,"연봉 5천 직장인 기준 GV70와 무쏘, 월 실부담 어느 쪽이 적을까 [2026년 5월]"
/Users/twinssn/Projects/cap/hotissue-hugo/content/posts/2026-05-19-연봉-5천-직장인이-포터2을-유지하려면-월급의-몇-를-써야-할까.md,product_mismatch,하,"연봉 5천 직장인이 포터2을 유지하려면 월급의 몇 %를 써야 할까"
/Users/twinssn/Projects/cap/hotissue-hugo/content/posts/2026-05-20-c클래스-잔존가치-51의-현실-3시리즈와-비교했을-때-3년-후-중고-매각-손익.md,product_mismatch,하,"C클래스 잔존가치 51%의 현실 — 3시리즈와 비교했을 때 3년 후 중고 매각 손익"
/Users/twinssn/Projects/cap/hotissue-hugo/content/posts/2026-05-20-s8와-s-e-트론-gt-월-유지비-76만원-기준으로-따지면-어느-쪽이-실제로-저렴한가.md,product_mismatch,하,"S8와 S e-트론 GT, 월 유지비 76만원 기준으로 따지면 어느 쪽이 실제로 저렴한가"
/Users/twinssn/Projects/cap/hotissue-hugo/content/posts/2026-05-20-신차가-110만원-차이인데-잔존가치는-역전-3시리즈-vs-c클래스.md,product_mismatch,하,"신차가 110만원 차이인데 잔존가치는 역전 — 3시리즈 vs C클래스"
/Users/twinssn/Projects/cap/hotissue-hugo/content/posts/2026-05-20-연봉-5천-직장인-기준-ls와-마이바흐-sl-월-실부담-어느-쪽이-적을까-2026년-5월.md,product_mismatch,하,"연봉 5천 직장인 기준 LS와 마이바흐 SL, 월 실부담 어느 쪽이 적을까 [2026년 5월]"
/Users/twinssn/Projects/cap/hotissue-hugo/content/posts/2026-05-20-프리우스와-c클래스-같은-기간-보유하면-누가-더-많이-남기나-2026년-5월.md,product_mismatch,하,"프리우스와 C클래스, 같은 기간 보유하면 누가 더 많이 남기나 [2026년 5월]"
/Users/twinssn/Projects/cap/hotissue-hugo/content/posts/2026-05-21-3년-후-팔-계획이라면-프리우스-vs-ev4-잔존가치감가-시뮬레이션-2026년-5월.md,product_mismatch,하,"3년 후 팔 계획이라면 — 프리우스 vs EV4 잔존가치·감가 시뮬레이션 [2026년 5월]"
/Users/twinssn/Projects/cap/hotissue-hugo/content/posts/2026-05-21-쏘나타-하이브리드-잔존가치-61-vs-프리우스-63-감가-적은-쪽이-이긴다.md,product_mismatch,하,"쏘나타 하이브리드 잔존가치 61% vs 프리우스 63% — 감가 적은 쪽이 이긴다"
/Users/twinssn/Projects/cap/hotissue-hugo/content/posts/2026-05-21-잔존가치-57로-본-포터2-실질-소유비용.md,product_mismatch,하,"잔존가치 57%로 본 포터2 실질 소유비용"
/Users/twinssn/Projects/cap/hotissue-hugo/content/posts/2026-05-21-중고차로-팔-때-3시리즈은-3414만원-프리우스는-얼마-잔존가치로-본-3년-손익.md,product_mismatch,하,"중고차로 팔 때 3시리즈은 3,414만원, 프리우스는 얼마? 잔존가치로 본 3년 손익"
/Users/twinssn/Projects/cap/hotissue-hugo/content/posts/2026-05-21-캠리-중고시세-64-유지-아이오닉-6-n는-51-차이가-1815만원.md,product_mismatch,하,"캠리 중고시세 64% 유지, 아이오닉 6 N는 51% — 차이가 1,815만원"
/Users/twinssn/Projects/cap/hotissue-hugo/content/posts/2026-05-22-c클래스와-ev4-3년-뒤-중고-매각까지-고려한-총-소유비용-완전-분석.md,product_mismatch,하,"C클래스와 EV4, 3년 뒤 중고 매각까지 고려한 총 소유비용 완전 분석"
/Users/twinssn/Projects/cap/hotissue-hugo/content/posts/2026-05-22-렉스턴-잔존가치-47-vs-ev9-52-감가-적은-쪽이-이긴다.md,product_mismatch,하,"렉스턴 잔존가치 47% vs EV9 52% — 감가 적은 쪽이 이긴다"
/Users/twinssn/Projects/cap/hotissue-hugo/content/posts/2026-05-22-모델-y-잔존가치-55-vs-x3-56-3년-보유-후-중고-매각-시-실제-손실-비교.md,product_mismatch,하,"모델 Y 잔존가치 55% vs X3 56% — 3년 보유 후 중고 매각 시 실제 손실 비교"
/Users/twinssn/Projects/cap/hotissue-hugo/content/posts/2026-05-22-브랜드별-감가율-데이터로-본-xm-vs-ev9-어느-쪽이-중고-시장에서-강한가.md,product_mismatch,하,"브랜드별 감가율 데이터로 본 XM vs EV9 — 어느 쪽이 중고 시장에서 강한가"
/Users/twinssn/Projects/cap/hotissue-hugo/content/posts/2026-05-22-포터2-3년-총비용-2498만원-신차값보다-중요한-숫자.md,product_mismatch,하,"포터2 3년 총비용 2,498만원 — 신차값보다 중요한 숫자"
/Users/twinssn/Projects/cap/hotissue-hugo/content/posts/2026-05-23-2026년-5월-기준-gv80-쿠페-cr-v-감가율-최신-분석.md,product_mismatch,하,"2026년 5월 기준 GV80 쿠페 CR-V 감가율 최신 분석"
/Users/twinssn/Projects/cap/hotissue-hugo/content/posts/2026-05-23-3년-후-중고값-3670만원-vs-g클래스-되팔-때-후회-없는-선택은.md,product_mismatch,하,"3년 후 중고값 3,670만원 vs G클래스 — 되팔 때 후회 없는 선택은?"
/Users/twinssn/Projects/cap/hotissue-hugo/content/posts/2026-05-23-중고-매각까지-포함한-1시리즈-vs-2시리즈-실질-소유비용-3년-총손실-비교.md,product_mismatch,하,"중고 매각까지 포함한 1시리즈 vs 2시리즈 실질 소유비용 — 3년 총손실 비교"
/Users/twinssn/Projects/cap/hotissue-hugo/content/posts/2026-05-23-중고차로-팔-때-2시리즈은-3916만원-1시리즈는-얼마-잔존가치로-본-3년-손익.md,product_mismatch,하,"중고차로 팔 때 2시리즈은 3,916만원, 1시리즈는 얼마? 잔존가치로 본 3년 손익"
/Users/twinssn/Projects/cap/hotissue-hugo/content/posts/2026-05-23-포터2-구매-전-알아야-할-감가-속도-출고-후-1개월-1년-3년-시세-변화.md,product_mismatch,하,"포터2 구매 전 알아야 할 감가 속도 — 출고 후 1개월, 1년, 3년 시세 변화"
/Users/twinssn/Projects/cap/hotissue-hugo/content/posts/2026-05-24-c클래스와-프리우스-같은-기간-보유하면-누가-더-많이-남기나-2026년-5월.md,product_mismatch,하,"C클래스와 프리우스, 같은 기간 보유하면 누가 더 많이 남기나 [2026년 5월]"
/Users/twinssn/Projects/cap/hotissue-hugo/content/posts/2026-05-24-ev9-잔존가치-52-vs-xm-54-감가-적은-쪽이-이긴다.md,product_mismatch,하,"EV9 잔존가치 52% vs XM 54% — 감가 적은 쪽이 이긴다"
/Users/twinssn/Projects/cap/hotissue-hugo/content/posts/2026-05-24-전문가-없이-혼자-계산하는-sl-vs-z4-3년-총비용-감가유지비잔존가치-공식.md,product_mismatch,하,"전문가 없이 혼자 계산하는 SL vs Z4 3년 총비용 — 감가+유지비+잔존가치 공식"
/Users/twinssn/Projects/cap/hotissue-hugo/content/posts/2026-05-24-전문가-없이-혼자-계산하는-프리우스-vs-쏘나타-하이브리드-3년-총비용-감가유지비잔존가치-공식.md,product_mismatch,하,"전문가 없이 혼자 계산하는 프리우스 vs 쏘나타 하이브리드 3년 총비용 — 감가+유지비+잔존가치 공식"
/Users/twinssn/Projects/cap/hotissue-hugo/content/posts/2026-05-24-포터2-3년-총비용-2520만원-신차값보다-중요한-숫자.md,product_mismatch,하,"포터2 3년 총비용 2,520만원 — 신차값보다 중요한 숫자"
/Users/twinssn/Projects/cap/hotissue-hugo/content/posts/2026-05-25-1시리즈보다-잔존가치-0p-높은-2시리즈-그란-쿠페-감가에서-판가름-난다.md,product_mismatch,하,"1시리즈보다 잔존가치 0%p 높은 2시리즈 그란 쿠페, 감가에서 판가름 난다"
/Users/twinssn/Projects/cap/hotissue-hugo/content/posts/2026-05-25-ix2-e드라이브20-m-스포츠와-3년-감가-각각-3218만원-vs-3109만원-차이가-나는-결정적-이유.md,product_mismatch,하,"iX2 e드라이브20 M 스포츠와 — 3년 감가 각각 3,218만원 vs 3,109만원, 차이가 나는 결정적 이유"
/Users/twinssn/Projects/cap/hotissue-hugo/content/posts/2026-05-25-m2-감가-4328만원-vs-1시리즈-2861만원-어느-쪽이-더-빠지나.md,product_mismatch,하,"M2 감가 4,328만원 vs 1시리즈 2,861만원 — 어느 쪽이 더 빠지나"
/Users/twinssn/Projects/cap/hotissue-hugo/content/posts/2026-05-25-x2-잔존가치-57-vs-ix2-51-감가-적은-쪽이-이긴다.md,product_mismatch,하,"X2 잔존가치 57% vs iX2 51% — 감가 적은 쪽이 이긴다"
/Users/twinssn/Projects/cap/hotissue-hugo/content/posts/2026-05-25-포터2-3년-총비용-2480만원-신차값보다-중요한-숫자.md,product_mismatch,하,"포터2 3년 총비용 2,480만원 — 신차값보다 중요한 숫자"
/Users/twinssn/Projects/cap/hotissue-hugo/content/posts/2026-05-26-2026년-5월-포터2-중고-시세-동향-잔존가치-55-유지될-수-있을까.md,product_mismatch,하,"2026년 5월 포터2 중고 시세 동향 — 잔존가치 55% 유지될 수 있을까"
/Users/twinssn/Projects/cap/hotissue-hugo/content/posts/2026-05-26-5280만원-1시리즈-3년-후-2830만원-vs-m2-잔존가치가-구매-결정을-바꾼다.md,product_mismatch,하,"5,280만원 1시리즈 3년 후 2,830만원 vs M2 — 잔존가치가 구매 결정을 바꾼다"
/Users/twinssn/Projects/cap/hotissue-hugo/content/posts/2026-05-26-월급-300만원-직장인이-포터2을-사면-매달-실제로-얼마가-나갈까.md,product_mismatch,하,"월급 300만원 직장인이 포터2을 사면 매달 실제로 얼마가 나갈까"
/Users/twinssn/Projects/cap/hotissue-hugo/content/posts/2026-05-26-전문가-없이-혼자-계산하는-s8-vs-마이바흐-s클래스-3년-총비용-감가유지비잔존가치-공식.md,product_mismatch,하,"전문가 없이 혼자 계산하는 S8 vs 마이바흐 S클래스 3년 총비용 — 감가+유지비+잔존가치 공식"
/Users/twinssn/Projects/cap/hotissue-hugo/content/posts/2026-05-26-중고차로-팔-때-마이바흐-s클래스은-20361만원-s-e-트론-gt는-얼마-잔존가치로-본-3년-손익.md,product_mismatch,하,"중고차로 팔 때 마이바흐 S클래스은 20,361만원, S e-트론 GT는 얼마? 잔존가치로 본 3년 손익"
/Users/twinssn/Projects/cap/hotissue-hugo/content/posts/2026-05-27-x2-vs-ev3-잔존가치-완전-비교-56-vs-52-3년-뒤-1493만원-차이가-나는-이유.md,product_mismatch,하,"X2 vs EV3 잔존가치 완전 비교 — 56% vs 52%, 3년 뒤 1,493만원 차이가 나는 이유"
/Users/twinssn/Projects/cap/hotissue-hugo/content/posts/2026-05-27-신차-가격-2130만원-차이인데-3년-총비용은-1573만원-ev3-vs-x2-역전-분석.md,product_mismatch,하,"신차 가격 2,130만원 차이인데 3년 총비용은 1,573만원 — EV3 vs X2 역전 분석"
/Users/twinssn/Projects/cap/hotissue-hugo/content/posts/2026-05-27-연봉-5천-직장인-기준-z4와-gr86-월-실부담-어느-쪽이-적을까-2026년-5월.md,product_mismatch,하,"연봉 5천 직장인 기준 Z4와 GR86, 월 실부담 어느 쪽이 적을까 [2026년 5월]"
/Users/twinssn/Projects/cap/hotissue-hugo/content/posts/2026-05-27-포터2-3년-총비용-2510만원-중-감가-1109만원-유지비-1401만원-어디서-더-새나.md,product_mismatch,하,"포터2 3년 총비용 2,510만원 중 감가 1,109만원, 유지비 1,401만원 — 어디서 더 새나"
/Users/twinssn/Projects/cap/hotissue-hugo/content/posts/2026-05-27-프리우스-잔존가치-62-vs-3시리즈-54-감가-적은-쪽이-이긴다.md,product_mismatch,하,"프리우스 잔존가치 62% vs 3시리즈 54% — 감가 적은 쪽이 이긴다"
/Users/twinssn/Projects/cap/hotissue-hugo/content/posts/2026-05-28-2493만원에-산-포터2-3년-뒤-1386만원-감가-분석.md,product_mismatch,하,"2,493만원에 산 포터2, 3년 뒤 1,386만원 — 감가 분석"
/Users/twinssn/Projects/cap/hotissue-hugo/content/posts/2026-05-28-i7-vs-마이바흐-sl-잔존가치-완전-비교-49-vs-50-3년-뒤-6635만원-차이가-나는-이유.md,product_mismatch,하,"i7 vs 마이바흐 SL 잔존가치 완전 비교 — 49% vs 50%, 3년 뒤 6,635만원 차이가 나는 이유"
/Users/twinssn/Projects/cap/hotissue-hugo/content/posts/2026-05-28-그랑-콜레오스-유지비-월-30만원-이게-부담인지-아닌지-연봉별로-계산해봤다.md,product_mismatch,하,"그랑 콜레오스 유지비 월 30만원, 이게 부담인지 아닌지 연봉별로 계산해봤다"
/Users/twinssn/Projects/cap/hotissue-hugo/content/posts/2026-05-28-신차가-5429만원-차이인데-잔존가치는-역전-gv80-쿠페-vs-그랑-콜레오스.md,product_mismatch,하,"신차가 5,429만원 차이인데 잔존가치는 역전 — GV80 쿠페 vs 그랑 콜레오스"
/Users/twinssn/Projects/cap/hotissue-hugo/content/posts/2026-05-28-할부-48개월-기준-s-e-트론-gt-월-396만원-vs-마이바흐-s클래스-유지비-포함-실월부담-비교.md,product_mismatch,하,"할부 48개월 기준 S e-트론 GT 월 396만원 vs 마이바흐 S클래스 — 유지비 포함 실월부담 비교"
/Users/twinssn/Projects/cap/hotissue-hugo/content/posts/2026-05-29-3년-후-팔-계획이라면-gr86-vs-z4-잔존가치감가-시뮬레이션-2026년-5월.md,product_mismatch,하,"3년 후 팔 계획이라면 — GR86 vs Z4 잔존가치·감가 시뮬레이션 [2026년 5월]"
/Users/twinssn/Projects/cap/hotissue-hugo/content/posts/2026-05-29-신차-가격-70만원-차이인데-3년-총비용은-210만원-1시리즈-vs-2시리즈-그란-쿠페-역전-분석.md,product_mismatch,하,"신차 가격 70만원 차이인데 3년 총비용은 210만원 — 1시리즈 vs 2시리즈 그란 쿠페 역전 분석"
/Users/twinssn/Projects/cap/hotissue-hugo/content/posts/2026-05-29-신차-살-때-잔존가치-먼저-봐야-하는-이유-그랑-콜레오스-vs-gv80-쿠페-감가-데이터.md,product_mismatch,하,"신차 살 때 잔존가치 먼저 봐야 하는 이유 — 그랑 콜레오스 vs GV80 쿠페 감가 데이터"
/Users/twinssn/Projects/cap/hotissue-hugo/content/posts/2026-05-29-아이오닉-9와-xm-중-3년-후-덜-손해-보는-차는-2026년-5월-기준.md,product_mismatch,하,"아이오닉 9와 XM 중 3년 후 덜 손해 보는 차는? [2026년 5월 기준]"
/Users/twinssn/Projects/cap/hotissue-hugo/content/posts/2026-05-29-포터2-감가-최소화-방법-트림색상옵션-선택이-잔존가치에-미치는-영향.md,product_mismatch,하,"포터2 감가 최소화 방법 — 트림·색상·옵션 선택이 잔존가치에 미치는 영향"
/Users/twinssn/Projects/cap/hotissue-hugo/content/posts/2026-05-30-z4-vs-sl-신차-가격-차이-5900만원-3년-뒤-잔존가치-역전-가능성-분석.md,product_mismatch,하,"Z4 vs SL — 신차 가격 차이 5,900만원, 3년 뒤 잔존가치 역전 가능성 분석"
/Users/twinssn/Projects/cap/hotissue-hugo/content/posts/2026-05-30-리세일-벨류로-따지면-i4와-c클래스-중-어느-쪽이-현명한-선택일까.md,product_mismatch,하,"리세일 벨류로 따지면 i4와 C클래스 중 어느 쪽이 현명한 선택일까"
/Users/twinssn/Projects/cap/hotissue-hugo/content/posts/2026-05-30-마이바흐-s클래스-vs-s8-신차-가격-차이-18258만원-3년-뒤-잔존가치-역전-가능성-분석.md,product_mismatch,하,"마이바흐 S클래스 vs S8 — 신차 가격 차이 18,258만원, 3년 뒤 잔존가치 역전 가능성 분석"
/Users/twinssn/Projects/cap/hotissue-hugo/content/posts/2026-05-30-신차가-4530만원-차이인데-잔존가치는-역전-xm-vs-x7.md,product_mismatch,하,"신차가 4,530만원 차이인데 잔존가치는 역전 — XM vs X7"
/Users/twinssn/Projects/cap/hotissue-hugo/content/posts/2026-05-30-중고로-팔-때-57-남는-포터2-이-감가율이면-괜찮은-걸까.md,product_mismatch,하,"중고로 팔 때 57% 남는 포터2, 이 감가율이면 괜찮은 걸까"
/Users/twinssn/Projects/cap/hotissue-hugo/content/posts/2026-05-31-3년-보유-포터2-총손실-2475만원-감가-1074만원-vs-유지비-1401만원-비중.md,product_mismatch,하,"3년 보유 포터2 총손실 2,475만원 — 감가 1,074만원 vs 유지비 1,401만원 비중"
/Users/twinssn/Projects/cap/hotissue-hugo/content/posts/2026-05-31-x7-55-잔존가치-vs-xm-54-1p-차이가-3년-뒤-3952만원으로-벌어진다.md,product_mismatch,하,"X7 55% 잔존가치 vs XM 54% — 1%p 차이가 3년 뒤 3,952만원으로 벌어진다"
/Users/twinssn/Projects/cap/hotissue-hugo/content/posts/2026-05-31-xm-레이블-마리나-베이-블루-에디션와-아이오닉-9-3년-감가-각각-10539만원-vs-3948만원-차이가-나는-결정적-이유.md,product_mismatch,하,"XM 레이블 마리나 베이 블루 에디션와 아이오닉 9 — 3년 감가 각각 10,539만원 vs 3,948만원, 차이가 나는 결정적 이유"
/Users/twinssn/Projects/cap/hotissue-hugo/content/posts/2026-05-31-z4-m40i-9960만원-vs-amg-gt-16260만원-3년-실비용-3938만원-차이가-나는-이유.md,product_mismatch,하,"Z4 M40i 9,960만원 vs AMG GT 16,260만원 — 3년 실비용 3,938만원 차이가 나는 이유"
/Users/twinssn/Projects/cap/hotissue-hugo/content/posts/2026-05-31-마이바흐-eqs-suv-eqs-680-suv와-eqs-3년-감가-각각-12217만원-vs-8526만원-차이가-나는-결정적-이유.md,product_mismatch,하,"마이바흐 EQS SUV EQS 680 SUV와 EQS — 3년 감가 각각 12,217만원 vs 8,526만원, 차이가 나는 결정적 이유"
/Users/twinssn/Projects/cap/hotissue-hugo/content/posts/2026-06-01-2493만원-포터2-3년-타면-실제로-2518만원-나간다.md,product_mismatch,하,"2,493만원 포터2, 3년 타면 실제로 2,518만원 나간다"
/Users/twinssn/Projects/cap/hotissue-hugo/content/posts/2026-06-01-x1-vs-ux-지금-당장-사야-할-차-vs-기다려야-할-차-2026년-6월-기준.md,product_mismatch,하,"X1 vs UX — 지금 당장 사야 할 차 vs 기다려야 할 차 [2026년 6월 기준]"
/Users/twinssn/Projects/cap/hotissue-hugo/content/posts/2026-06-01-브랜드별-감가율-데이터로-본-m4-vs-z4-어느-쪽이-중고-시장에서-강한가.md,product_mismatch,하,"브랜드별 감가율 데이터로 본 M4 vs Z4 — 어느 쪽이 중고 시장에서 강한가"
/Users/twinssn/Projects/cap/hotissue-hugo/content/posts/2026-06-01-전문가-없이-혼자-계산하는-cr-v-vs-x3-3년-총비용-감가유지비잔존가치-공식.md,product_mismatch,하,"전문가 없이 혼자 계산하는 CR-V vs X3 3년 총비용 — 감가+유지비+잔존가치 공식"
/Users/twinssn/Projects/cap/hotissue-hugo/content/posts/2026-06-01-할부-48개월-기준-3시리즈-월-147만원-vs-ev4-유지비-포함-실월부담-비교.md,product_mismatch,하,"할부 48개월 기준 3시리즈 월 147만원 vs EV4 — 유지비 포함 실월부담 비교"
/Users/twinssn/Projects/cap/hotissue-hugo/content/posts/2026-06-02-3년-후-팔-계획이라면-x1-vs-ex30-크로스-컨트리-잔존가치감가-시뮬레이션-2026년-6월.md,product_mismatch,하,"3년 후 팔 계획이라면 — X1 vs EX30 크로스 컨트리 잔존가치·감가 시뮬레이션 [2026년 6월]"
/Users/twinssn/Projects/cap/hotissue-hugo/content/posts/2026-06-02-amg-gt-vs-z4-비교-구매-가격보다-유지비에서-4038만원-더-갈린다.md,product_mismatch,하,"AMG GT vs Z4 비교 — 구매 가격보다 유지비에서 4,038만원 더 갈린다"
/Users/twinssn/Projects/cap/hotissue-hugo/content/posts/2026-06-02-g70-잔존가치-63-vs-g70-슈팅-브레이크-62-3년-보유-후-중고-매각-시-실제-손실-비교.md,product_mismatch,하,"G70 잔존가치 63% vs G70 슈팅 브레이크 62% — 3년 보유 후 중고 매각 시 실제 손실 비교"
/Users/twinssn/Projects/cap/hotissue-hugo/content/posts/2026-06-02-렉스턴보다-964만원-비싼-ev9-3년-뒤엔-오히려-이득.md,product_mismatch,하,"렉스턴보다 964만원 비싼 EV9, 3년 뒤엔 오히려 이득?"
/Users/twinssn/Projects/cap/hotissue-hugo/content/posts/2026-06-02-아무도-계산-안-해주는-포터2-진짜-비용-3년-2493만원의-항목별-분해.md,product_mismatch,하,"아무도 계산 안 해주는 포터2 진짜 비용 — 3년 2,493만원의 항목별 분해"
/Users/twinssn/Projects/cap/hotissue-hugo/content/posts/2026-06-03-2027년형-ux-vs-x1-중고-시장-선호도와-잔존가치로-본-3년-손익-분석.md,product_mismatch,하,"2027년형 UX vs X1 — 중고 시장 선호도와 잔존가치로 본 3년 손익 분석"
/Users/twinssn/Projects/cap/hotissue-hugo/content/posts/2026-06-03-연봉-대비-포터2-유지-가능할까-월-39만원의-진실.md,product_mismatch,하,"연봉 대비 포터2 유지 가능할까? 월 39만원의 진실"
/Users/twinssn/Projects/cap/hotissue-hugo/content/posts/2026-06-03-전문가-없이-혼자-계산하는-g70-슈팅-브레이크-vs-g70-3년-총비용-감가유지비잔존가치-공식.md,product_mismatch,하,"전문가 없이 혼자 계산하는 G70 슈팅 브레이크 vs G70 3년 총비용 — 감가+유지비+잔존가치 공식"
/Users/twinssn/Projects/cap/hotissue-hugo/content/posts/2026-06-03-중고차로-팔-때-x1은-3762만원-ix1는-얼마-잔존가치로-본-3년-손익.md,product_mismatch,하,"중고차로 팔 때 X1은 3,762만원, iX1는 얼마? 잔존가치로 본 3년 손익"
/Users/twinssn/Projects/cap/hotissue-hugo/content/posts/2026-06-03-프리우스보다-잔존가치-2p-높은-g70-감가에서-판가름-난다.md,product_mismatch,하,"프리우스보다 잔존가치 2%p 높은 G70, 감가에서 판가름 난다"
/Users/twinssn/Projects/cap/hotissue-hugo/content/posts/2026-06-04-003-블라우풍크트-이어폰-종류-추천-blp-be322w-blp-oe383/index.md,product_mismatch_unrelated,하,"블라우풍크트 이어폰 종류 추천 BLP-BE322W BLP-OE383 BLP-OE663 비교 가이드"
/Users/twinssn/Projects/cap/hotissue-hugo/content/posts/2026-06-04-2026년-6월-기준-프리우스-vs-g70-잔존가치-최신-비교-중고-시장-수요-분석-포함.md,product_mismatch,하,"2026년 6월 기준 프리우스 vs G70 잔존가치 최신 비교 — 중고 시장 수요 분석 포함"
/Users/twinssn/Projects/cap/hotissue-hugo/content/posts/2026-06-04-2026년형-i7-vs-s8-감가보험유류비자동차세-4개-항목-완전-비교-2026년-6월.md,product_mismatch,하,"2026년형 i7 vs S8 — 감가·보험·유류비·자동차세 4개 항목 완전 비교 [2026년 6월]"
/Users/twinssn/Projects/cap/hotissue-hugo/content/posts/2026-06-04-5680만원짜리-cr-v-3년-보유하면-잔존가치-58로-3289만원에-팔-수-있다.md,product_mismatch,하,"5,680만원짜리 CR-V, 3년 보유하면 잔존가치 58%로 3,289만원에 팔 수 있다"
/Users/twinssn/Projects/cap/hotissue-hugo/content/posts/2026-06-04-x1와-ex30-3년-뒤-중고값-차이-1219만원-어느-쪽이-덜-손해볼까.md,product_mismatch,하,"X1와 EX30, 3년 뒤 중고값 차이 1,219만원 — 어느 쪽이 덜 손해볼까"
/Users/twinssn/Projects/cap/hotissue-hugo/content/posts/2026-06-04-포터2-중고-시장-선호도와-잔존가치-57면-이-세그먼트에서-상위권일까.md,product_mismatch,하,"포터2 중고 시장 선호도와 잔존가치 — 57%면 이 세그먼트에서 상위권일까"
/Users/twinssn/Projects/cap/hotissue-hugo/content/posts/2026-06-05-3년-보유-아이오닉-6-n-총손실-4954만원-감가-3955만원-vs-유지비-999만원-비중.md,product_mismatch,하,"3년 보유 아이오닉 6 N 총손실 4,954만원 — 감가 3,955만원 vs 유지비 999만원 비중"
/Users/twinssn/Projects/cap/hotissue-hugo/content/posts/2026-06-05-3년-보유-포터2-총손실-2483만원-감가-1082만원-vs-유지비-1401만원-비중.md,product_mismatch,하,"3년 보유 포터2 총손실 2,483만원 — 감가 1,082만원 vs 유지비 1,401만원 비중"
/Users/twinssn/Projects/cap/hotissue-hugo/content/posts/2026-06-05-5680만원-cr-v과-6450만원-v60-크로스-컨트리-3년-뒤-남는-돈은.md,product_mismatch,하,"5,680만원 CR-V과 6,450만원 V60 크로스 컨트리, 3년 뒤 남는 돈은?"
/Users/twinssn/Projects/cap/hotissue-hugo/content/posts/2026-06-05-i7-잔존가치-48-vs-ls-55-3년-보유-후-중고-매각-시-실제-손실-비교.md,product_mismatch,하,"i7 잔존가치 48% vs LS 55% — 3년 보유 후 중고 매각 시 실제 손실 비교"
/Users/twinssn/Projects/cap/hotissue-hugo/content/posts/2026-06-05-할부-48개월-기준-g70-슈팅-브레이크-월-104만원-vs-아이오닉-6-n-유지비-포함-실월부담-비교.md,product_mismatch,하,"할부 48개월 기준 G70 슈팅 브레이크 월 104만원 vs 아이오닉 6 N — 유지비 포함 실월부담 비교"
/Users/twinssn/Projects/cap/hotissue-hugo/content/posts/2026-06-06-2026-마이바흐-eqs-suv-vs-xm-비교-감가유지비잔존가치-총정리-2026년-6월.md,product_mismatch,하,"2026 마이바흐 EQS SUV vs XM 비교 — 감가·유지비·잔존가치 총정리 [2026년 6월]"
/Users/twinssn/Projects/cap/hotissue-hugo/content/posts/2026-06-06-2026년형-amg-gt-vs-m3-감가보험유류비자동차세-4개-항목-완전-비교-2026년-6월.md,product_mismatch,하,"2026년형 AMG GT vs M3 — 감가·보험·유류비·자동차세 4개 항목 완전 비교 [2026년 6월]"
/Users/twinssn/Projects/cap/hotissue-hugo/content/posts/2026-06-06-amg-gt-vs-sl-잔존가치-완전-비교-48-vs-49-3년-뒤-316만원-차이가-나는-이유.md,product_mismatch,하,"AMG GT vs SL 잔존가치 완전 비교 — 48% vs 49%, 3년 뒤 316만원 차이가 나는 이유"
/Users/twinssn/Projects/cap/hotissue-hugo/content/posts/2026-06-06-cr-v-4wd-하이브리드-투어링ct-트림별-잔존가치-차이-어떤-트림이-중고-시장에서-더-잘-팔리나.md,product_mismatch,하,"CR-V 4WD 하이브리드 투어링C/T 트림별 잔존가치 차이 — 어떤 트림이 중고 시장에서 더 잘 팔리나"
/Users/twinssn/Projects/cap/hotissue-hugo/content/posts/2026-06-06-sl-잔존가치-49의-현실-amg-gt와-비교했을-때-3년-후-중고-매각-손익.md,product_mismatch,하,"SL 잔존가치 49%의 현실 — AMG GT와 비교했을 때 3년 후 중고 매각 손익"
/Users/twinssn/Projects/cap/hotissue-hugo/content/posts/2026-06-07-2026-xm-vs-마이바흐-eqs-suv-비교-감가유지비잔존가치-총정리-2026년-6월.md,product_mismatch,하,"2026 XM vs 마이바흐 EQS SUV 비교 — 감가·유지비·잔존가치 총정리 [2026년 6월]"
/Users/twinssn/Projects/cap/hotissue-hugo/content/posts/2026-06-07-m4-구매-전-꼭-알아야-할-감가-속도-amg-gt와-비교하면-답이-나온다.md,product_mismatch,하,"M4 구매 전 꼭 알아야 할 감가 속도 — AMG GT와 비교하면 답이 나온다"
/Users/twinssn/Projects/cap/hotissue-hugo/content/posts/2026-06-07-sl-3년-총비용-15245만원-vs-m4-8818만원-매달-내는-돈으로-환산하면.md,product_mismatch,하,"SL 3년 총비용 15,245만원 vs M4 8,818만원 — 매달 내는 돈으로 환산하면?"
/Users/twinssn/Projects/cap/hotissue-hugo/content/posts/2026-06-07-x1-3년-총비용-4150만원-신차값보다-중요한-숫자.md,product_mismatch,하,"X1 3년 총비용 4,150만원 — 신차값보다 중요한 숫자"
/Users/twinssn/Projects/cap/hotissue-hugo/content/posts/2026-06-07-연식별-x2-잔존가치-비교-2026년형이-이전-모델보다-감가가-느린-이유.md,product_mismatch,하,"연식별 X2 잔존가치 비교 — 2026년형이 이전 모델보다 감가가 느린 이유"
/Users/twinssn/Projects/cap/hotissue-hugo/content/posts/2026-06-08-2026-gr86-vs-m4-비교-감가유지비잔존가치-총정리-2026년-6월.md,product_mismatch,하,"2026 GR86 vs M4 비교 — 감가·유지비·잔존가치 총정리 [2026년 6월]"
/Users/twinssn/Projects/cap/hotissue-hugo/content/posts/2026-06-08-amg-gt-50-잔존가치-vs-m4-53-3p-차이가-3년-뒤-1392만원으로-벌어진다.md,product_mismatch,하,"AMG GT 50% 잔존가치 vs M4 53% — 3%p 차이가 3년 뒤 1,392만원으로 벌어진다"
/Users/twinssn/Projects/cap/hotissue-hugo/content/posts/2026-06-08-z4-vs-m4-감가-비교-몰랐으면-2197만원-손해-볼-뻔.md,product_mismatch,하,"Z4 vs M4 감가 비교 — 몰랐으면 2,197만원 손해 볼 뻔"
/Users/twinssn/Projects/cap/hotissue-hugo/content/posts/2026-06-08-같은-세그먼트-rs-e-트론-gt-22302만원-vs-i7-21510만원-보험료자동차세연료비-항목별-승자.md,product_mismatch,하,"같은 세그먼트 RS e-트론 GT 22,302만원 vs i7 21,510만원 — 보험료·자동차세·연료비 항목별 승자"
/Users/twinssn/Projects/cap/hotissue-hugo/content/posts/2026-06-08-중고차-딜러가-보는-포터2-잔존가치-56면-시장에서-어떤-평가를-받나.md,product_mismatch,하,"중고차 딜러가 보는 포터2 잔존가치 — 56%면 시장에서 어떤 평가를 받나"
/Users/twinssn/Projects/cap/hotissue-hugo/content/posts/2026-06-09-2026년-6월-기준-x5-m-x5-감가율-최신-분석.md,product_mismatch,하,"2026년 6월 기준 X5 M X5 감가율 최신 분석"
/Users/twinssn/Projects/cap/hotissue-hugo/content/posts/2026-06-09-2026년형-m3-vs-amg-gt-중고-시장-선호도와-잔존가치로-본-3년-손익-분석.md,product_mismatch,하,"2026년형 M3 vs AMG GT — 중고 시장 선호도와 잔존가치로 본 3년 손익 분석"
/Users/twinssn/Projects/cap/hotissue-hugo/content/posts/2026-06-09-g70-슈팅-브레이크보다-잔존가치-10p-높은-아이오닉-6-n-감가에서-판가름-난다.md,product_mismatch,하,"G70 슈팅 브레이크보다 잔존가치 10%p 높은 아이오닉 6 N, 감가에서 판가름 난다"
/Users/twinssn/Projects/cap/hotissue-hugo/content/posts/2026-06-09-m4-vs-m3-잔존가치-완전-비교-53-vs-53-3년-뒤-291만원-차이가-나는-이유.md,product_mismatch,하,"M4 vs M3 잔존가치 완전 비교 — 53% vs 53%, 3년 뒤 291만원 차이가 나는 이유"
/Users/twinssn/Projects/cap/hotissue-hugo/content/posts/2026-06-09-중고로-팔-때-56-남는-포터2-이-감가율이면-괜찮은-걸까.md,product_mismatch,하,"중고로 팔 때 56% 남는 포터2, 이 감가율이면 괜찮은 걸까"
/Users/twinssn/Projects/cap/hotissue-hugo/content/posts/2026-06-10-g80-35-터보-스포츠-패키지-자동차세-65만원-보험-220만원-유류비-283만원-연간-고정비-총정리.md,product_mismatch,하,"G80 3.5 터보 스포츠 패키지 자동차세 65만원 + 보험 220만원 + 유류비 283만원 — 연간 고정비 총정리"
/Users/twinssn/Projects/cap/hotissue-hugo/content/posts/2026-06-10-m4-컴페티션-m-x드라이브-컨버터블와-sl-3년-감가-각각-6726만원-vs-8009만원-차이가-나는-결정적-이유.md,product_mismatch,하,"M4 컴페티션 M x드라이브 컨버터블와 SL — 3년 감가 각각 6,726만원 vs 8,009만원, 차이가 나는 결정적 이유"
/Users/twinssn/Projects/cap/hotissue-hugo/content/posts/2026-06-10-아이오닉-6-n와-i4-3년-뒤-중고-매각까지-고려한-총-소유비용-완전-분석.md,product_mismatch,하,"아이오닉 6 N와 i4, 3년 뒤 중고 매각까지 고려한 총 소유비용 완전 분석"
/Users/twinssn/Projects/cap/hotissue-hugo/content/posts/2026-06-10-중고차로-팔-때-m3은-7230만원-m4는-얼마-잔존가치로-본-3년-손익.md,product_mismatch,하,"중고차로 팔 때 M3은 7,230만원, M4는 얼마? 잔존가치로 본 3년 손익"
/Users/twinssn/Projects/cap/hotissue-hugo/content/posts/2026-06-10-포터2-감가가-빠른-이유와-느린-데이터로-본-잔존가치-결정-요인.md,product_mismatch,하,"포터2 감가가 빠른 이유와 느린 — 데이터로 본 잔존가치 결정 요인"
/Users/twinssn/Projects/cap/hotissue-hugo/content/posts/2026-06-11-2026년형-i7-vs-k9-중고-시장-선호도와-잔존가치로-본-3년-손익-분석.md,product_mismatch,하,"2026년형 i7 vs K9 — 중고 시장 선호도와 잔존가치로 본 3년 손익 분석"
/Users/twinssn/Projects/cap/hotissue-hugo/content/posts/2026-06-11-k9-vs-i7-잔존가치-완전-비교-53-vs-47-3년-뒤-4999만원-차이가-나는-이유.md,product_mismatch,하,"K9 vs i7 잔존가치 완전 비교 — 53% vs 47%, 3년 뒤 4,999만원 차이가 나는 이유"
/Users/twinssn/Projects/cap/hotissue-hugo/content/posts/2026-06-11-ls-3년-총비용-10144만원-vs-i7-10089만원-매달-내는-돈으로-환산하면.md,product_mismatch,하,"LS 3년 총비용 10,144만원 vs i7 10,089만원 — 매달 내는 돈으로 환산하면?"
/Users/twinssn/Projects/cap/hotissue-hugo/content/posts/2026-06-11-중고-매각까지-포함한-아이오닉-6-n-vs-g70-슈팅-브레이크-실질-소유비용-3년-총손실-비교.md,product_mismatch,하,"중고 매각까지 포함한 아이오닉 6 N vs G70 슈팅 브레이크 실질 소유비용 — 3년 총손실 비교"
/Users/twinssn/Projects/cap/hotissue-hugo/content/posts/2026-06-11-포터2-연비-88kml-연간-312만원-유류비-내연기관-평균-대비-얼마나-아끼나.md,product_mismatch,하,"포터2 연비 8.8km/L — 연간 312만원 유류비, 내연기관 평균 대비 얼마나 아끼나"
/Users/twinssn/Projects/cap/hotissue-hugo/content/posts/2026-06-12-amg-gt-잔존가치-50-vs-gr86-58-감가-적은-쪽이-이긴다.md,product_mismatch,하,"AMG GT 잔존가치 50% vs GR86 58% — 감가 적은 쪽이 이긴다"
/Users/twinssn/Projects/cap/hotissue-hugo/content/posts/2026-06-12-i7와-rs-e-트론-gt-월-유지비-50만원-기준으로-따지면-어느-쪽이-실제로-저렴한가.md,product_mismatch,하,"i7와 RS e-트론 GT, 월 유지비 50만원 기준으로 따지면 어느 쪽이 실제로 저렴한가"
/Users/twinssn/Projects/cap/hotissue-hugo/content/posts/2026-06-12-m3-컴페티션-투어링-m-x드라이브-vs-z4-연비감가보험-데이터로-본-2026년-최적-선택.md,product_mismatch,하,"M3 컴페티션 투어링 M x드라이브 vs Z4 — 연비·감가·보험 데이터로 본 2026년 최적 선택"
/Users/twinssn/Projects/cap/hotissue-hugo/content/posts/2026-06-12-m4-잔존가치-53-vs-gr86-59-3년-보유-후-중고-매각-시-실제-손실-비교.md,product_mismatch,하,"M4 잔존가치 53% vs GR86 59% — 3년 보유 후 중고 매각 시 실제 손실 비교"
/Users/twinssn/Projects/cap/hotissue-hugo/content/posts/2026-06-12-잔존가치-55로-계산한-포터2-실질-소유비용-감가유지비-2518만원의-구성.md,product_mismatch,하,"잔존가치 55%로 계산한 포터2 실질 소유비용 — 감가+유지비 2,518만원의 구성"
/Users/twinssn/Projects/cap/hotissue-hugo/content/posts/2026-06-13-3년-감가-1079만원-포터2을-사기-전에-알았어야-할-숫자.md,product_mismatch,하,"3년 감가 1,079만원 — 포터2을 사기 전에 알았어야 할 숫자"
/Users/twinssn/Projects/cap/hotissue-hugo/content/posts/2026-06-13-rx-vs-sq7-3년-뒤-3392만원-차이-나는-진짜-이유.md,product_mismatch,하,"RX vs SQ7, 3년 뒤 3,392만원 차이 나는 진짜 이유"
/Users/twinssn/Projects/cap/hotissue-hugo/content/posts/2026-06-13-x6-감가-6159만원-vs-sq7-6736만원-어느-쪽이-더-빠지나.md,product_mismatch,하,"X6 감가 6,159만원 vs SQ7 6,736만원 — 어느 쪽이 더 빠지나"
/Users/twinssn/Projects/cap/hotissue-hugo/content/posts/2026-06-13-z4와-m3-3년-뒤-중고-매각까지-고려한-총-소유비용-완전-분석.md,product_mismatch,하,"Z4와 M3, 3년 뒤 중고 매각까지 고려한 총 소유비용 완전 분석"
/Users/twinssn/Projects/cap/hotissue-hugo/content/posts/2026-06-13-같은-세그먼트-v60-크로스-컨트리와-cr-v-어느-쪽이-돈-덜-드는-차일까.md,product_mismatch,하,"같은 세그먼트 V60 크로스 컨트리와 CR-V, 어느 쪽이 돈 덜 드는 차일까"
/Users/twinssn/Projects/cap/hotissue-hugo/content/posts/2026-06-14-2026년-6월-포터2-중고시세-전망-잔존가치-56-유지될까.md,product_mismatch,하,"2026년 6월 포터2 중고시세 전망 — 잔존가치 56% 유지될까"
/Users/twinssn/Projects/cap/hotissue-hugo/content/posts/2026-06-14-2026년형-m3-vs-sl-중고-시장-선호도와-잔존가치로-본-3년-손익-분석.md,product_mismatch,하,"2026년형 M3 vs SL — 중고 시장 선호도와 잔존가치로 본 3년 손익 분석"
/Users/twinssn/Projects/cap/hotissue-hugo/content/posts/2026-06-14-2026년형-sq7-vs-rx-중고-시장-선호도와-잔존가치로-본-3년-손익-분석.md,product_mismatch,하,"2026년형 SQ7 vs RX — 중고 시장 선호도와 잔존가치로 본 3년 손익 분석"
/Users/twinssn/Projects/cap/hotissue-hugo/content/posts/2026-06-14-캠리-감가율-2008만원-vs-ev4-2603만원-3년-보유-시-실질-손실-비교.md,product_mismatch,하,"캠리 감가율 2,008만원 vs EV4 2,603만원 — 3년 보유 시 실질 손실 비교"
/Users/twinssn/Projects/cap/hotissue-hugo/content/posts/2026-06-14-포터2-유지비-월-39만원-이게-부담인지-아닌지-연봉별로-계산해봤다.md,product_mismatch,하,"포터2 유지비 월 39만원, 이게 부담인지 아닌지 연봉별로 계산해봤다"
/Users/twinssn/Projects/cap/hotissue-hugo/content/posts/2026-06-15-7시리즈-마이바흐-s클래스-유지비-비교-보험세금유류비-월-59만원의-차이.md,product_mismatch,하,"7시리즈 마이바흐 S클래스 유지비 비교 — 보험·세금·유류비 월 59만원의 차이"
/Users/twinssn/Projects/cap/hotissue-hugo/content/posts/2026-06-15-sl와-m3-중-3년-후-덜-손해-보는-차는-2026년-6월-기준.md,product_mismatch,하,"SL와 M3 중 3년 후 덜 손해 보는 차는? [2026년 6월 기준]"
/Users/twinssn/Projects/cap/hotissue-hugo/content/posts/2026-06-15-마이바흐-s클래스-vs-7시리즈-신차-가격-차이-19750만원-3년-뒤-잔존가치-역전-가능성-분석.md,product_mismatch,하,"마이바흐 S클래스 vs 7시리즈 — 신차 가격 차이 19,750만원, 3년 뒤 잔존가치 역전 가능성 분석"
/Users/twinssn/Projects/cap/hotissue-hugo/content/posts/2026-06-15-중고차-시장에서-m3와-gr86-어느-쪽이-더-잘-팔리고-덜-떨어질까.md,product_mismatch,하,"중고차 시장에서 M3와 GR86, 어느 쪽이 더 잘 팔리고 덜 떨어질까"
/Users/twinssn/Projects/cap/hotissue-hugo/content/posts/2026-06-15-포터2-3년-총비용-2485만원-중-감가-1084만원-유지비-1401만원-어디서-더-새나.md,product_mismatch,하,"포터2 3년 총비용 2,485만원 중 감가 1,084만원, 유지비 1,401만원 — 어디서 더 새나"
/Users/twinssn/Projects/cap/hotissue-hugo/content/posts/2026-06-16-3년-후-중고값-2820만원-vs-amg-gt-되팔-때-후회-없는-선택은.md,product_mismatch,하,"3년 후 중고값 2,820만원 vs AMG GT — 되팔 때 후회 없는 선택은?"
/Users/twinssn/Projects/cap/hotissue-hugo/content/posts/2026-06-16-6850만원-x1-3년-타면-실제로-4130만원-나간다.md,product_mismatch,하,"6,850만원 X1, 3년 타면 실제로 4,130만원 나간다"
/Users/twinssn/Projects/cap/hotissue-hugo/content/posts/2026-06-16-7200만원-x2-3년-타면-실제로-4850만원-나간다.md,product_mismatch,하,"7,200만원 X2, 3년 타면 실제로 4,850만원 나간다"
/Users/twinssn/Projects/cap/hotissue-hugo/content/posts/2026-06-16-sl-gr86-유지비-비교-보험세금유류비-월-68만원의-차이.md,product_mismatch,하,"SL GR86 유지비 비교 — 보험·세금·유류비 월 68만원의 차이"
/Users/twinssn/Projects/cap/hotissue-hugo/content/posts/2026-06-16-sq7-감가-6865만원-vs-x6-6201만원-어느-쪽이-더-빠지나.md,product_mismatch,하,"SQ7 감가 6,865만원 vs X6 6,201만원 — 어느 쪽이 더 빠지나"
/Users/twinssn/Projects/cap/hotissue-hugo/content/posts/2026-06-17-2026년-6월-기준-gr86-vs-sl-잔존가치-최신-비교-중고-시장-수요-분석-포함.md,product_mismatch,하,"2026년 6월 기준 GR86 vs SL 잔존가치 최신 비교 — 중고 시장 수요 분석 포함"
/Users/twinssn/Projects/cap/hotissue-hugo/content/posts/2026-06-17-2026년-포터2-구매-고민-중이라면-총비용-2520만원-시뮬레이션으로-결정하세요.md,product_mismatch,하,"2026년 포터2 구매 고민 중이라면 — 총비용 2,520만원 시뮬레이션으로 결정하세요"
/Users/twinssn/Projects/cap/hotissue-hugo/content/posts/2026-06-17-ev9-구매-전-꼭-알아야-할-감가-속도-lx와-비교하면-답이-나온다.md,product_mismatch,하,"EV9 구매 전 꼭 알아야 할 감가 속도 — LX와 비교하면 답이 나온다"
/Users/twinssn/Projects/cap/hotissue-hugo/content/posts/2026-06-17-같은-돈으로-q8와-ev9-중-3년-뒤-덜-후회할-차는-어느-쪽일까.md,product_mismatch,하,"같은 돈으로 Q8와 EV9 중 3년 뒤 덜 후회할 차는 어느 쪽일까"
/Users/twinssn/Projects/cap/hotissue-hugo/content/posts/2026-06-17-레이와-ev-중-3년-후-덜-손해-보는-차는-2026년-6월-기준.md,product_mismatch,하,"레이와 EV 중 3년 후 덜 손해 보는 차는? [2026년 6월 기준]"
/Users/twinssn/Projects/cap/hotissue-hugo/content/posts/2026-06-18-ev9-감가-3376만원-vs-q8-5609만원-어느-쪽이-더-빠지나.md,product_mismatch,하,"EV9 감가 3,376만원 vs Q8 5,609만원 — 어느 쪽이 더 빠지나"
/Users/twinssn/Projects/cap/hotissue-hugo/content/posts/2026-06-18-q7-3년-총비용-7642만원-vs-x5-m-11434만원-매달-내는-돈으로-환산하면.md,product_mismatch,하,"Q7 3년 총비용 7,642만원 vs X5 M 11,434만원 — 매달 내는 돈으로 환산하면?"
/Users/twinssn/Projects/cap/hotissue-hugo/content/posts/2026-06-18-v60-크로스-컨트리-vs-gv70-신차-가격-차이-282만원-3년-뒤-잔존가치-역전-가능성-분석.md,product_mismatch,하,"V60 크로스 컨트리 vs GV70 — 신차 가격 차이 282만원, 3년 뒤 잔존가치 역전 가능성 분석"
/Users/twinssn/Projects/cap/hotissue-hugo/content/posts/2026-06-18-중고-매각까지-포함한-x5-m-vs-q7-실질-소유비용-3년-총손실-비교.md,product_mismatch,하,"중고 매각까지 포함한 X5 M vs Q7 실질 소유비용 — 3년 총손실 비교"
/Users/twinssn/Projects/cap/hotissue-hugo/content/posts/2026-06-18-포터2-2wd-슈퍼캡-초장축-프리미엄-실구매-가이드-할부보험자동차세잔존가치-2026년-6월-기준-총정리.md,product_mismatch,하,"포터2 2WD 슈퍼캡 초장축 프리미엄 실구매 가이드 — 할부·보험·자동차세·잔존가치 2026년 6월 기준 총정리"
/Users/twinssn/Projects/cap/hotissue-hugo/content/posts/2026-06-19-2026년-6월-기준-마이바흐-s클래스-ls-감가율-최신-분석.md,product_mismatch,하,"2026년 6월 기준 마이바흐 S클래스 LS 감가율 최신 분석"
/Users/twinssn/Projects/cap/hotissue-hugo/content/posts/2026-06-19-2026년형-오딧세이-vs-lm-중고-시장-선호도와-잔존가치로-본-3년-손익-분석.md,product_mismatch,하,"2026년형 오딧세이 vs LM — 중고 시장 선호도와 잔존가치로 본 3년 손익 분석"
/Users/twinssn/Projects/cap/hotissue-hugo/content/posts/2026-06-19-7198만원-g80과-8468만원-일렉트리파이드-g80-3년-뒤-남는-돈은.md,product_mismatch,하,"7,198만원 G80과 8,468만원 일렉트리파이드 G80, 3년 뒤 남는 돈은?"
/Users/twinssn/Projects/cap/hotissue-hugo/content/posts/2026-06-19-신차-가격-267만원-차이인데-3년-총비용은-1087만원-gls-vs-lx-역전-분석.md,product_mismatch,하,"신차 가격 267만원 차이인데 3년 총비용은 1,087만원 — GLS vs LX 역전 분석"
/Users/twinssn/Projects/cap/hotissue-hugo/content/posts/2026-06-19-포터2-3년-총비용-2493만원-중-감가-1092만원-유지비-1401만원-어디서-더-새나.md,product_mismatch,하,"포터2 3년 총비용 2,493만원 중 감가 1,092만원, 유지비 1,401만원 — 어디서 더 새나"
/Users/twinssn/Projects/cap/hotissue-hugo/content/posts/2026-06-20-2493만원-신차-포터2-1년-뒤-실제-시세는-얼마일까-감가-곡선-분석.md,product_mismatch,하,"2,493만원 신차 포터2, 1년 뒤 실제 시세는 얼마일까 — 감가 곡선 분석"
/Users/twinssn/Projects/cap/hotissue-hugo/content/posts/2026-06-21-g클래스-amg-g-63-26120만원-vs-ev9-8463만원-3년-실비용-11905만원-차이가-나는-이유.md,product_mismatch,하,"G클래스 AMG G 63 26,120만원 vs EV9 8,463만원 — 3년 실비용 11,905만원 차이가 나는 이유"
/Users/twinssn/Projects/cap/hotissue-hugo/content/posts/2026-06-21-lm-500h-로열-vs-스타리아-연비감가보험-데이터로-본-2026년-최적-선택.md,product_mismatch,하,"LM 500h 로열 vs 스타리아 — 연비·감가·보험 데이터로 본 2026년 최적 선택"
/Users/twinssn/Projects/cap/hotissue-hugo/content/posts/2026-06-21-v60-크로스-컨트리-감가-최소화-방법-트림색상옵션-선택이-잔존가치에-미치는-영향.md,product_mismatch,하,"V60 크로스 컨트리 감가 최소화 방법 — 트림·색상·옵션 선택이 잔존가치에 미치는 영향"
/Users/twinssn/Projects/cap/hotissue-hugo/content/posts/2026-06-21-중고차로-팔-때-gv70은-4031만원-v60-크로스-컨트리는-얼마-잔존가치로-본-3년-손익.md,product_mismatch,하,"중고차로 팔 때 GV70은 4,031만원, V60 크로스 컨트리는 얼마? 잔존가치로 본 3년 손익"
/Users/twinssn/Projects/cap/hotissue-hugo/content/posts/2026-06-21-포터2-리세일-전략-3년-후-1384만원에-팔려면-관리-포인트는.md,product_mismatch,하,"포터2 리세일 전략 — 3년 후 1,384만원에 팔려면 관리 포인트는?"
/Users/twinssn/Projects/cap/hotissue-hugo/content/posts/2026-06-22-7246만원-감가-vs-유지비-2844만원-ls-실비용-분해.md,product_mismatch,하,"7,246만원 감가 vs 유지비 2,844만원 — LS 실비용 분해"
/Users/twinssn/Projects/cap/hotissue-hugo/content/posts/2026-06-22-lm보다-11167만원-비싼-스타리아-3년-뒤엔-오히려-이득.md,product_mismatch,하,"LM보다 11,167만원 비싼 스타리아, 3년 뒤엔 오히려 이득?"
/Users/twinssn/Projects/cap/hotissue-hugo/content/posts/2026-06-22-포터2-잔존가치-연차별-하락-1년-뒤-2년-뒤-3년-뒤-예상-시세.md,product_mismatch,하,"포터2 잔존가치 연차별 하락 — 1년 뒤, 2년 뒤, 3년 뒤 예상 시세"
/Users/twinssn/Projects/cap/hotissue-hugo/content/posts/2026-06-23-3년-후-팔-계획이라면-ev9-vs-rsq8-잔존가치감가-시뮬레이션-2026년-6월.md,product_mismatch,하,"3년 후 팔 계획이라면 — EV9 vs RSQ8 잔존가치·감가 시뮬레이션 [2026년 6월]"
/Users/twinssn/Projects/cap/hotissue-hugo/content/posts/2026-06-23-6990만원-ev9과-19692만원-rsq8-3년-뒤-남는-돈은.md,product_mismatch,하,"6,990만원 EV9과 19,692만원 RSQ8, 3년 뒤 남는 돈은?"
/Users/twinssn/Projects/cap/hotissue-hugo/content/posts/2026-06-24-c클래스-잔존가치-하락-속도-vs-캠리-1년2년3년-단계별-시세-예측.md,product_mismatch,하,"C클래스 잔존가치 하락 속도 vs 캠리 — 1년·2년·3년 단계별 시세 예측"
/Users/twinssn/Projects/cap/hotissue-hugo/content/posts/2026-06-24-g70-vs-c클래스-비교-구매-가격보다-유지비에서-1191만원-더-갈린다.md,product_mismatch,하,"G70 vs C클래스 비교 — 구매 가격보다 유지비에서 1,191만원 더 갈린다"
/Users/twinssn/Projects/cap/hotissue-hugo/content/posts/2026-06-24-x6-m-eqe-suv-유지비-비교-보험세금유류비-월-72만원의-차이.md,product_mismatch,하,"X6 M EQE SUV 유지비 비교 — 보험·세금·유류비 월 72만원의 차이"
/Users/twinssn/Projects/cap/hotissue-hugo/content/posts/2026-06-24-캠리-vs-c클래스-비교-구매-가격보다-유지비에서-1369만원-더-갈린다.md,product_mismatch,하,"캠리 vs C클래스 비교 — 구매 가격보다 유지비에서 1,369만원 더 갈린다"
/Users/twinssn/Projects/cap/hotissue-hugo/content/posts/2026-06-24-포터2-3년-총비용-2503만원-중-감가-1102만원-유지비-1401만원-어디서-더-새나.md,product_mismatch,하,"포터2 3년 총비용 2,503만원 중 감가 1,102만원, 유지비 1,401만원 — 어디서 더 새나"
/Users/twinssn/Projects/cap/hotissue-hugo/content/posts/2026-06-25-2026년-6월-기준-모델-3-c클래스-감가율-최신-분석.md,product_mismatch,하,"2026년 6월 기준 모델 3 C클래스 감가율 최신 분석"
/Users/twinssn/Projects/cap/hotissue-hugo/content/posts/2026-06-25-잔존가치로-보면-답-나온다-eqe-suv와-x6-m-3년-실비용-비교.md,product_mismatch,하,"잔존가치로 보면 답 나온다 — EQE SUV와 X6 M 3년 실비용 비교"
/Users/twinssn/Projects/cap/hotissue-hugo/content/posts/2026-06-25-전문가-없이-혼자-계산하는-ix1-vs-ex30-크로스-컨트리-3년-총비용-감가유지비잔존가치-공식.md,product_mismatch,하,"전문가 없이 혼자 계산하는 iX1 vs EX30 크로스 컨트리 3년 총비용 — 감가+유지비+잔존가치 공식"
/Users/twinssn/Projects/cap/hotissue-hugo/content/posts/2026-06-25-중고차-시장에서-c클래스와-모델-3-어느-쪽이-더-잘-팔리고-덜-떨어질까.md,product_mismatch,하,"중고차 시장에서 C클래스와 모델 3, 어느 쪽이 더 잘 팔리고 덜 떨어질까"
/Users/twinssn/Projects/cap/hotissue-hugo/content/posts/2026-06-25-포터2-3년-총비용-2505만원-신차값보다-중요한-숫자.md,product_mismatch,하,"포터2 3년 총비용 2,505만원 — 신차값보다 중요한 숫자"
/Users/twinssn/Projects/cap/hotissue-hugo/content/posts/2026-06-26-14080만원-eqe-suv와-14302만원-sq7-실비용은-역전된다.md,product_mismatch,하,"14,080만원 EQE SUV와 14,302만원 SQ7 — 실비용은 역전된다"
/Users/twinssn/Projects/cap/hotissue-hugo/content/posts/2026-06-26-2026-포터2-2wd-슈퍼캡-초장축-프리미엄-잔존가치-분석-이-트림이-감가-적다.md,product_mismatch,하,"2026 포터2 2WD 슈퍼캡 초장축 프리미엄 잔존가치 분석 — 이 트림이 감가 적다"
/Users/twinssn/Projects/cap/hotissue-hugo/content/posts/2026-06-30-sq7-샀다가-3년-뒤-6665만원-날릴-수-있다-eqe-suv와-감가-비교.md,product_mismatch,하,"SQ7 샀다가 3년 뒤 6,665만원 날릴 수 있다 — EQE SUV와 감가 비교"
/Users/twinssn/Projects/cap/hotissue-hugo/content/posts/2026-06-30-리세일-벨류로-따지면-c클래스와-쏘나타-하이브리드-중-어느-쪽이-현명한-선택일까.md,product_mismatch,하,"리세일 벨류로 따지면 C클래스와 쏘나타 하이브리드 중 어느 쪽이 현명한 선택일까"
/Users/twinssn/Projects/cap/hotissue-hugo/content/posts/2026-06-30-잔존가치로-보면-답-나온다-g80와-5시리즈-3년-실비용-비교.md,product_mismatch,하,"잔존가치로 보면 답 나온다 — G80와 5시리즈 3년 실비용 비교"
/Users/twinssn/Projects/cap/hotissue-hugo/content/posts/2026-06-30-포터2-잔존가치-57-감가를-최소화하는-보유-기간과-트림-선택법.md,product_mismatch,하,"포터2 잔존가치 57% — 감가를 최소화하는 보유 기간과 트림 선택법"
/Users/twinssn/Projects/cap/hotissue-hugo/content/posts/2026-07-03-2026년형-모델-y-프리미엄-롱-레인지-잔존가치-분석-1년2년3년-단계별-예상-중고-시세.md,product_mismatch,하,"2026년형 모델 Y 프리미엄 롱 레인지 잔존가치 분석 — 1년·2년·3년 단계별 예상 중고 시세"
/Users/twinssn/Projects/cap/hotissue-hugo/content/posts/2026-07-03-모델-3-프리미엄-롱-레인지-rwd-잔존가치-51-동급-평균-대비-높은지-낮은지-따져봤다.md,product_mismatch,하,"모델 3 프리미엄 롱 레인지 RWD 잔존가치 51% — 동급 평균 대비 높은지 낮은지 따져봤다"
/Users/twinssn/Projects/cap/hotissue-hugo/content/posts/2026-07-03-중고로-팔-때-55-남는-포터2-이-감가율이면-괜찮은-걸까.md,product_mismatch,하,"중고로 팔 때 55% 남는 포터2, 이 감가율이면 괜찮은 걸까"
/Users/twinssn/Projects/cap/hotissue-hugo/content/posts/2026-07-04-2026년형-x6-m-vs-x5-감가보험유류비자동차세-4개-항목-완전-비교-2026년-7월.md,product_mismatch,하,"2026년형 X6 M vs X5 — 감가·보험·유류비·자동차세 4개 항목 완전 비교 [2026년 7월]"
/Users/twinssn/Projects/cap/hotissue-hugo/content/posts/2026-07-04-2493만원-포터2-3년-타면-실제로-2488만원-나간다.md,product_mismatch,하,"2,493만원 포터2, 3년 타면 실제로 2,488만원 나간다"
/Users/twinssn/Projects/cap/hotissue-hugo/content/posts/2026-07-04-5시리즈-구매-전-꼭-알아야-할-감가-속도-g80와-비교하면-답이-나온다.md,product_mismatch,하,"5시리즈 구매 전 꼭 알아야 할 감가 속도 — G80와 비교하면 답이 나온다"
/Users/twinssn/Projects/cap/hotissue-hugo/content/posts/2026-07-04-x2-x드라이브20i-m-스포츠-프로즌-퓨어-그레이-스페셜-에디션-7200만원-vs-ex30-크로스-컨트리-4812만원-3년-실비용-1684만원.md,product_mismatch,하,"X2 x드라이브20i M 스포츠 프로즌 퓨어 그레이 스페셜 에디션 7,200만원 vs EX30 크로스 컨트리 4,812만원 — 3년 실비용 1,684만원 차이가 나는 이유"
/Users/twinssn/Projects/cap/hotissue-hugo/content/posts/2026-07-04-레이-ev-vs-레이-지금-당장-사야-할-차-vs-기다려야-할-차-2026년-7월-기준.md,product_mismatch,하,"레이 EV vs 레이 — 지금 당장 사야 할 차 vs 기다려야 할 차 [2026년 7월 기준]"
/Users/twinssn/Projects/cap/hotissue-hugo/content/posts/2026-07-05-2026년-c클래스-구매-고민-중이라면-총비용-4645만원-시뮬레이션으로-결정하세요.md,product_mismatch,하,"2026년 C클래스 구매 고민 중이라면 — 총비용 4,645만원 시뮬레이션으로 결정하세요"
/Users/twinssn/Projects/cap/hotissue-hugo/content/posts/2026-07-05-5시리즈-53-vs-m5-51-잔존가치-2p-차이가-실제-얼마인지-계산해봤다.md,product_mismatch,하,"5시리즈 53% vs M5 51% — 잔존가치 2%p 차이가 실제 얼마인지 계산해봤다"
/Users/twinssn/Projects/cap/hotissue-hugo/content/posts/2026-07-05-7시리즈-감가율-7638만원-vs-s-e-트론-gt-9087만원-3년-보유-시-실질-손실-비교.md,product_mismatch,하,"7시리즈 감가율 7,638만원 vs S e-트론 GT 9,087만원 — 3년 보유 시 실질 손실 비교"
/Users/twinssn/Projects/cap/hotissue-hugo/content/posts/2026-07-05-잔존가치-56로-계산한-포터2-실질-소유비용-감가유지비-2508만원의-구성.md,product_mismatch,하,"잔존가치 56%로 계산한 포터2 실질 소유비용 — 감가+유지비 2,508만원의 구성"
/Users/twinssn/Projects/cap/hotissue-hugo/content/posts/2026-07-05-중고-매각까지-포함한-eqe-vs-5시리즈-실질-소유비용-3년-총손실-비교.md,product_mismatch,하,"중고 매각까지 포함한 EQE vs 5시리즈 실질 소유비용 — 3년 총손실 비교"
/Users/twinssn/Projects/cap/hotissue-hugo/content/posts/2026-07-06-sq7와-x5-m-같은-기간-보유하면-누가-더-많이-남기나-2026년-7월.md,product_mismatch,하,"SQ7와 X5 M, 같은 기간 보유하면 누가 더 많이 남기나 [2026년 7월]"
/Users/twinssn/Projects/cap/hotissue-hugo/content/posts/2026-07-06-전문가-없이-혼자-계산하는-x6-m-vs-sq7-3년-총비용-감가유지비잔존가치-공식.md,product_mismatch,하,"전문가 없이 혼자 계산하는 X6 M vs SQ7 3년 총비용 — 감가+유지비+잔존가치 공식"
/Users/twinssn/Projects/cap/hotissue-hugo/content/posts/2026-07-06-중고차-시장에서-sq7와-x5-m-어느-쪽이-더-잘-팔리고-덜-떨어질까.md,product_mismatch,하,"중고차 시장에서 SQ7와 X5 M, 어느 쪽이 더 잘 팔리고 덜 떨어질까"
/Users/twinssn/Projects/cap/hotissue-hugo/content/posts/2026-07-07-g70-62-vs-ev4-50-잔존가치-12p-차이가-실제-얼마인지-계산해봤다.md,product_mismatch,하,"G70 62% vs EV4 50% — 잔존가치 12%p 차이가 실제 얼마인지 계산해봤다"
/Users/twinssn/Projects/cap/hotissue-hugo/content/posts/2026-07-07-gle보다-잔존가치-0p-높은-sq7-감가에서-판가름-난다.md,product_mismatch,하,"GLE보다 잔존가치 0%p 높은 SQ7, 감가에서 판가름 난다"
/Users/twinssn/Projects/cap/hotissue-hugo/content/posts/2026-07-07-같은-세그먼트-7시리즈와-k9-어느-쪽이-돈-덜-드는-차일까.md,product_mismatch,하,"같은 세그먼트 7시리즈와 K9, 어느 쪽이 돈 덜 드는 차일까"
/Users/twinssn/Projects/cap/hotissue-hugo/content/posts/2026-07-07-전문가-없이-혼자-계산하는-x5-m-vs-sq7-3년-총비용-감가유지비잔존가치-공식.md,product_mismatch,하,"전문가 없이 혼자 계산하는 X5 M vs SQ7 3년 총비용 — 감가+유지비+잔존가치 공식"
/Users/twinssn/Projects/cap/hotissue-hugo/content/posts/2026-07-07-포터2-감가-1107만원의-현실-3년-보유-후-중고-매각-시-실제-손실-계산.md,product_mismatch,하,"포터2 감가 1,107만원의 현실 — 3년 보유 후 중고 매각 시 실제 손실 계산"
/Users/twinssn/Projects/cap/hotissue-hugo/content/posts/2026-07-08-2026년형-gle-vs-sq7-감가보험유류비자동차세-4개-항목-완전-비교-2026년-7월.md,product_mismatch,하,"2026년형 GLE vs SQ7 — 감가·보험·유류비·자동차세 4개 항목 완전 비교 [2026년 7월]"
/Users/twinssn/Projects/cap/hotissue-hugo/content/posts/2026-07-08-g70와-아이오닉-6-n-월-유지비-37만원-기준으로-따지면-어느-쪽이-실제로-저렴한가.md,product_mismatch,하,"G70와 아이오닉 6 N, 월 유지비 37만원 기준으로 따지면 어느 쪽이 실제로 저렴한가"
/Users/twinssn/Projects/cap/hotissue-hugo/content/posts/2026-07-08-리세일-벨류로-따지면-5시리즈와-일렉트리파이드-g80-중-어느-쪽이-현명한-선택일까.md,product_mismatch,하,"리세일 벨류로 따지면 5시리즈와 일렉트리파이드 G80 중 어느 쪽이 현명한 선택일까"
/Users/twinssn/Projects/cap/hotissue-hugo/content/posts/2026-07-08-신차값-8764만원-차이-3년-총비용은-5166만원-gr86-vs-m3.md,product_mismatch,하,"신차값 8,764만원 차이, 3년 총비용은 5,166만원 — GR86 vs M3"
/Users/twinssn/Projects/cap/hotissue-hugo/content/posts/2026-07-08-포터2-잔존가치-55-감가를-최소화하는-보유-기간과-트림-선택법.md,product_mismatch,하,"포터2 잔존가치 55% — 감가를 최소화하는 보유 기간과 트림 선택법"
/Users/twinssn/Projects/cap/hotissue-hugo/content/posts/2026-07-09-2026년-7월-1시리즈-중고시세-전망-잔존가치-54-유지될까.md,product_mismatch,하,"2026년 7월 1시리즈 중고시세 전망 — 잔존가치 54% 유지될까"
/Users/twinssn/Projects/cap/hotissue-hugo/content/posts/2026-07-09-3년-후-팔-계획이라면-x3-vs-gv80-잔존가치감가-시뮬레이션-2026년-7월.md,product_mismatch,하,"3년 후 팔 계획이라면 — X3 vs GV80 잔존가치·감가 시뮬레이션 [2026년 7월]"
/Users/twinssn/Projects/cap/hotissue-hugo/content/posts/2026-07-09-gv80-감가-2506만원-vs-무쏘-2480만원-어느-쪽이-더-빠지나.md,product_mismatch,하,"GV80 감가 2,506만원 vs 무쏘 2,480만원 — 어느 쪽이 더 빠지나"
/Users/twinssn/Projects/cap/hotissue-hugo/content/posts/2026-07-09-m4를-3년-보유하면-실제-비용-9129만원-감가가-80.md,product_mismatch,하,"M4를 3년 보유하면 실제 비용 9,129만원, 감가가 80%"
/Users/twinssn/Projects/cap/hotissue-hugo/content/posts/2026-07-09-x5와-x6-m-중-3년-후-덜-손해-보는-차는-2026년-7월-기준.md,product_mismatch,하,"X5와 X6 M 중 3년 후 덜 손해 보는 차는? [2026년 7월 기준]"
/Users/twinssn/Projects/cap/hotissue-hugo/content/posts/2026-07-10-14140만원-신차-x6-1년-뒤-실제-시세는-얼마일까-감가-곡선-분석.md,product_mismatch,하,"14,140만원 신차 X6, 1년 뒤 실제 시세는 얼마일까 — 감가 곡선 분석"
/Users/twinssn/Projects/cap/hotissue-hugo/content/posts/2026-07-10-3년-보유-x3-총손실-5229만원-감가-3657만원-vs-유지비-1572만원-비중.md,product_mismatch,하,"3년 보유 X3 총손실 5,229만원 — 감가 3,657만원 vs 유지비 1,572만원 비중"
/Users/twinssn/Projects/cap/hotissue-hugo/content/posts/2026-07-10-연봉-5천-직장인이-x5을-유지하려면-월급의-몇-를-써야-할까.md,product_mismatch,하,"연봉 5천 직장인이 X5을 유지하려면 월급의 몇 %를 써야 할까"
/Users/twinssn/Projects/cap/hotissue-hugo/content/posts/2026-07-10-연식별-2시리즈-그란-쿠페-잔존가치-비교-2026년형이-이전-모델보다-감가가-느린-이유.md,product_mismatch,하,"연식별 2시리즈 그란 쿠페 잔존가치 비교 — 2026년형이 이전 모델보다 감가가 느린 이유"
/Users/twinssn/Projects/cap/hotissue-hugo/content/posts/2026-07-10-캠리와-i4-중-3년-후-덜-손해-보는-차는-2026년-7월-기준.md,product_mismatch,하,"캠리와 i4 중 3년 후 덜 손해 보는 차는? [2026년 7월 기준]"
/Users/twinssn/Projects/cap/hotissue-hugo/content/posts/2026-07-11-2524만원-감가-vs-유지비-1332만원-cr-v-실비용-분해.md,product_mismatch,하,"2,524만원 감가 vs 유지비 1,332만원 — CR-V 실비용 분해"
/Users/twinssn/Projects/cap/hotissue-hugo/content/posts/2026-07-11-7시리즈보다-잔존가치-2p-높은-k9-감가에서-판가름-난다.md,product_mismatch,하,"7시리즈보다 잔존가치 2%p 높은 K9, 감가에서 판가름 난다"
/Users/twinssn/Projects/cap/hotissue-hugo/content/posts/2026-07-11-x3보다-잔존가치-13p-높은-gv80-감가에서-판가름-난다.md,product_mismatch,하,"X3보다 잔존가치 13%p 높은 GV80, 감가에서 판가름 난다"
/Users/twinssn/Projects/cap/hotissue-hugo/content/posts/2026-07-11-아이오닉-5-n-3년-총비용-4777만원-vs-ev5-3338만원-매달-내는-돈으로-환산하면.md,product_mismatch,하,"아이오닉 5 N 3년 총비용 4,777만원 vs EV5 3,338만원 — 매달 내는 돈으로 환산하면?"
/Users/twinssn/Projects/cap/hotissue-hugo/content/posts/2026-07-11-포터2-감가가-빠른-이유와-느린-데이터로-본-잔존가치-결정-요인.md,product_mismatch,하,"포터2 감가가 빠른 이유와 느린 — 데이터로 본 잔존가치 결정 요인"
/Users/twinssn/Projects/cap/hotissue-hugo/content/posts/2026-07-12-2026년-7월-기준-g80-vs-eqe-잔존가치-최신-비교-중고-시장-수요-분석-포함.md,product_mismatch,하,"2026년 7월 기준 G80 vs EQE 잔존가치 최신 비교 — 중고 시장 수요 분석 포함"
/Users/twinssn/Projects/cap/hotissue-hugo/content/posts/2026-07-12-3년-후-중고차-팔-때-후회-없는-선택-5시리즈-vs-eqe-감가-비교-2026년-7월.md,product_mismatch,하,"3년 후 중고차 팔 때 후회 없는 선택 — 5시리즈 vs EQE 감가 비교 [2026년 7월]"
/Users/twinssn/Projects/cap/hotissue-hugo/content/posts/2026-07-12-m5와-g80-월-유지비-66만원-기준으로-따지면-어느-쪽이-실제로-저렴한가.md,product_mismatch,하,"M5와 G80, 월 유지비 66만원 기준으로 따지면 어느 쪽이 실제로 저렴한가"
/Users/twinssn/Projects/cap/hotissue-hugo/content/posts/2026-07-12-중고차로-팔-때-v60-크로스-컨트리은-3264만원-무쏘는-얼마-잔존가치로-본-3년-손익.md,product_mismatch,하,"중고차로 팔 때 V60 크로스 컨트리은 3,264만원, 무쏘는 얼마? 잔존가치로 본 3년 손익"
/Users/twinssn/Projects/cap/hotissue-hugo/content/posts/2026-07-12-포터2-잔존가치-57-1082만원-감가의-의미-2026년-7월.md,product_mismatch,하,"포터2 잔존가치 57% — 1,082만원 감가의 의미 [2026년 7월]"
/Users/twinssn/Projects/cap/hotissue-hugo/content/posts/2026-07-13-2026년형-포터2-2wd-슈퍼캡-초장축-프리미엄-완전-분석-가격연비감가유지비-한눈에-2026년-7월.md,product_mismatch,하,"2026년형 포터2 2WD 슈퍼캡 초장축 프리미엄 완전 분석 — 가격·연비·감가·유지비 한눈에 [2026년 7월]"
/Users/twinssn/Projects/cap/hotissue-hugo/content/posts/2026-07-13-3년-후-중고값-9105만원-vs-일렉트리파이드-g80-되팔-때-후회-없는-선택은.md,product_mismatch,하,"3년 후 중고값 9,105만원 vs 일렉트리파이드 G80 — 되팔 때 후회 없는 선택은?"
/Users/twinssn/Projects/cap/hotissue-hugo/content/posts/2026-07-13-8338만원-감가-vs-유지비-2124만원-7시리즈-실비용-분해.md,product_mismatch,하,"8,338만원 감가 vs 유지비 2,124만원 — 7시리즈 실비용 분해"
/Users/twinssn/Projects/cap/hotissue-hugo/content/posts/2026-07-13-중고로-팔-때-덜-떨어지는-차는-g80-vs-m5-잔존가치-비교.md,product_mismatch,하,"중고로 팔 때 덜 떨어지는 차는? G80 vs M5 잔존가치 비교"
/Users/twinssn/Projects/cap/hotissue-hugo/content/posts/2026-07-13-포터2-감가-곡선-분석-1년-후-2년-후-3년-후-예상-중고-시세와-잔존가치율.md,product_mismatch,하,"포터2 감가 곡선 분석 — 1년 후, 2년 후, 3년 후 예상 중고 시세와 잔존가치율"
/Users/twinssn/Projects/cap/hotissue-hugo/content/posts/2026-07-14-11000만원-eqe-3년-후-5192만원-vs-일렉트리파이드-g80-잔존가치가-구매-결정을-바꾼다.md,product_mismatch,하,"11,000만원 EQE 3년 후 5,192만원 vs 일렉트리파이드 G80 — 잔존가치가 구매 결정을 바꾼다"
/Users/twinssn/Projects/cap/hotissue-hugo/content/posts/2026-07-14-14490만원-sq7-vs-19920만원-x6-m-3년-뒤-감가-손실-6839만원-vs-9342만원-비교.md,product_mismatch,하,"14,490만원 SQ7 vs 19,920만원 X6 M — 3년 뒤 감가 손실 6,839만원 vs 9,342만원 비교"
/Users/twinssn/Projects/cap/hotissue-hugo/content/posts/2026-07-14-3년-보유-포터2-총손실-2500만원-감가-1099만원-vs-유지비-1401만원-비중.md,product_mismatch,하,"3년 보유 포터2 총손실 2,500만원 — 감가 1,099만원 vs 유지비 1,401만원 비중"
/Users/twinssn/Projects/cap/hotissue-hugo/content/posts/2026-07-14-7시리즈-잔존가치-53-vs-i7-48-3년-보유-후-중고-매각-시-실제-손실-비교.md,product_mismatch,하,"7시리즈 잔존가치 53% vs i7 48% — 3년 보유 후 중고 매각 시 실제 손실 비교"
/Users/twinssn/Projects/cap/hotissue-hugo/content/posts/2026-07-14-i7-중고시세-48-유지-마이바흐-s클래스는-51-차이가-5220만원.md,product_mismatch,하,"i7 중고시세 48% 유지, 마이바흐 S클래스는 51% — 차이가 5,220만원"
/Users/twinssn/Projects/cap/hotissue-hugo/content/posts/2026-07-15-2026-rs-e-트론-gt-퍼포먼스-잔존가치-분석-이-트림이-감가-적다.md,product_mismatch,하,"2026 RS e-트론 GT 퍼포먼스 잔존가치 분석 — 이 트림이 감가 적다"
/Users/twinssn/Projects/cap/hotissue-hugo/content/posts/2026-07-15-gls-감가율-9245만원-vs-q8-6174만원-3년-보유-시-실질-손실-비교.md,product_mismatch,하,"GLS 감가율 9,245만원 vs Q8 6,174만원 — 3년 보유 시 실질 손실 비교"
/Users/twinssn/Projects/cap/hotissue-hugo/content/posts/2026-07-15-xm-vs-마이바흐-gls-3년-뒤-4038만원-차이-나는-진짜-이유.md,product_mismatch,하,"XM vs 마이바흐 GLS, 3년 뒤 4,038만원 차이 나는 진짜 이유"
/Users/twinssn/Projects/cap/hotissue-hugo/content/posts/2026-07-15-마이바흐-gls-52-잔존가치-vs-xm-55-3p-차이가-3년-뒤-5905만원으로-벌어진다.md,product_mismatch,하,"마이바흐 GLS 52% 잔존가치 vs XM 55% — 3%p 차이가 3년 뒤 5,905만원으로 벌어진다"
/Users/twinssn/Projects/cap/hotissue-hugo/content/posts/2026-07-15-포터2-2wd-슈퍼캡-초장축-프리미엄-2493만원이-적정-가격인지-판단하는-법-2026년-7월-기준.md,product_mismatch,하,"포터2 2WD 슈퍼캡 초장축 프리미엄 2,493만원이 적정 가격인지 판단하는 법 [2026년 7월 기준]"
/Users/twinssn/Projects/cap/hotissue-hugo/content/posts/2026-07-16-g70-슈팅-브레이크-3년-총비용-3115만원-vs-c클래스-4525만원-매달-내는-돈으로-환산하면.md,product_mismatch,하,"G70 슈팅 브레이크 3년 총비용 3,115만원 vs C클래스 4,525만원 — 매달 내는 돈으로 환산하면?"
/Users/twinssn/Projects/cap/hotissue-hugo/content/posts/2026-07-16-같은-예산으로-더-오래-가치-유지하는-차는-v60-크로스-컨트리-vs-nx-잔존가치-시뮬레이션.md,product_mismatch,하,"같은 예산으로 더 오래 가치 유지하는 차는? V60 크로스 컨트리 vs NX 잔존가치 시뮬레이션"
/Users/twinssn/Projects/cap/hotissue-hugo/content/posts/2026-07-16-신차-2493만원-포터2-3년-뒤-1406만원에-팔-수-있다면-실제-소유비용은.md,product_mismatch,하,"신차 2,493만원 포터2, 3년 뒤 1,406만원에 팔 수 있다면 실제 소유비용은?"
/Users/twinssn/Projects/cap/hotissue-hugo/content/posts/2026-07-16-포터2-연비-88kml-연간-312만원-유류비-내연기관-평균-대비-얼마나-아끼나.md,product_mismatch,하,"포터2 연비 8.8km/L — 연간 312만원 유류비, 내연기관 평균 대비 얼마나 아끼나"
/Users/twinssn/Projects/cap/hotissue-hugo/content/posts/2026-07-17-같은-세그먼트-gv80-쿠페-10098만원-vs-무쏘-4680만원-보험료자동차세연료비-항목별-승자.md,product_mismatch,하,"같은 세그먼트 GV80 쿠페 10,098만원 vs 무쏘 4,680만원 — 보험료·자동차세·연료비 항목별 승자"
/Users/twinssn/Projects/cap/hotissue-hugo/content/posts/2026-07-17-마이바흐-eqs-suv-잔존가치-하락-속도-vs-q8-1년2년3년-단계별-시세-예측.md,product_mismatch,하,"마이바흐 EQS SUV 잔존가치 하락 속도 vs Q8 — 1년·2년·3년 단계별 시세 예측"
/Users/twinssn/Projects/cap/hotissue-hugo/content/posts/2026-07-17-마이바흐-gls-잔존가치-52-vs-x7-53-3년-보유-후-중고-매각-시-실제-손실-비교.md,product_mismatch,하,"마이바흐 GLS 잔존가치 52% vs X7 53% — 3년 보유 후 중고 매각 시 실제 손실 비교"
/Users/twinssn/Projects/cap/hotissue-hugo/content/posts/2026-07-17-신차값-5418만원-차이-3년-총비용은-2181만원-gv80-쿠페-vs-무쏘.md,product_mismatch,하,"신차값 5,418만원 차이, 3년 총비용은 2,181만원 — GV80 쿠페 vs 무쏘"
/Users/twinssn/Projects/cap/hotissue-hugo/content/posts/2026-07-17-포터2-감가-최소화-방법-트림색상옵션-선택이-잔존가치에-미치는-영향.md,product_mismatch,하,"포터2 감가 최소화 방법 — 트림·색상·옵션 선택이 잔존가치에 미치는 영향"
/Users/twinssn/Projects/cap/hotissue-hugo/content/posts/2026-07-18-2026-i7-vs-7시리즈-비교-감가유지비잔존가치-총정리-2026년-7월.md,product_mismatch,하,"2026 i7 vs 7시리즈 비교 — 감가·유지비·잔존가치 총정리 [2026년 7월]"
/Users/twinssn/Projects/cap/hotissue-hugo/content/posts/2026-07-18-g70-슈팅-브레이크-vs-프리우스-잔존가치-완전-비교-62-vs-63-3년-뒤-461만원-차이가-나는-이유.md,product_mismatch,하,"G70 슈팅 브레이크 vs 프리우스 잔존가치 완전 비교 — 62% vs 63%, 3년 뒤 461만원 차이가 나는 이유"
/Users/twinssn/Projects/cap/hotissue-hugo/content/posts/2026-07-18-ix2-중고시세-51-유지-ex30-크로스-컨트리는-48-차이가-1066만원.md,product_mismatch,하,"iX2 중고시세 51% 유지, EX30 크로스 컨트리는 48% — 차이가 1,066만원"
/Users/twinssn/Projects/cap/hotissue-hugo/content/posts/2026-07-18-x7-54-vs-마이바흐-gls-51-잔존가치-3p-차이가-실제-얼마인지-계산해봤다.md,product_mismatch,하,"X7 54% vs 마이바흐 GLS 51% — 잔존가치 3%p 차이가 실제 얼마인지 계산해봤다"
/Users/twinssn/Projects/cap/hotissue-hugo/content/posts/2026-07-18-포터2-2wd-슈퍼캡-초장축-프리미엄-자동차세-65만원-보험-90만원-유류비-312만원-연간-고정비-총정리.md,product_mismatch,하,"포터2 2WD 슈퍼캡 초장축 프리미엄 자동차세 65만원 + 보험 90만원 + 유류비 312만원 — 연간 고정비 총정리"
/Users/twinssn/Projects/cap/hotissue-hugo/content/posts/2026-07-19-2026년형-2시리즈-그란-쿠페-vs-a3-중고-시장-선호도와-잔존가치로-본-3년-손익-분석.md,product_mismatch,하,"2026년형 2시리즈 그란 쿠페 vs A3 — 중고 시장 선호도와 잔존가치로 본 3년 손익 분석"
/Users/twinssn/Projects/cap/hotissue-hugo/content/posts/2026-07-19-2026년형-포터2-2wd-슈퍼캡-초장축-프리미엄-잔존가치-분석-1년2년3년-단계별-예상-중고-시세.md,product_mismatch,하,"2026년형 포터2 2WD 슈퍼캡 초장축 프리미엄 잔존가치 분석 — 1년·2년·3년 단계별 예상 중고 시세"
/Users/twinssn/Projects/cap/hotissue-hugo/content/posts/2026-07-19-c클래스-구매-전-꼭-알아야-할-감가-속도-g70-슈팅-브레이크와-비교하면-답이-나온다.md,product_mismatch,하,"C클래스 구매 전 꼭 알아야 할 감가 속도 — G70 슈팅 브레이크와 비교하면 답이 나온다"
/Users/twinssn/Projects/cap/hotissue-hugo/content/posts/2026-07-19-신차값-5740만원-차이-3년-총비용은-3460만원-m5-vs-5시리즈.md,product_mismatch,하,"신차값 5,740만원 차이, 3년 총비용은 3,460만원 — M5 vs 5시리즈"
/Users/twinssn/Projects/cap/hotissue-hugo/content/posts/2026-07-19-포터2를-사면-매달-얼마가-빠질까-유지비-총정리-2026년-7월.md,product_mismatch,하,"포터2를 사면 매달 얼마가 빠질까? 유지비 총정리 [2026년 7월]"
/Users/twinssn/Projects/cap/hotissue-hugo/content/posts/2026-07-20-gv80-쿠페-25-터보-awd-블랙-10098만원-3년-뒤-중고값-6342만원-잔존가치-63가-의미하는-것.md,product_mismatch,하,"GV80 쿠페 2.5 터보 AWD 블랙 10,098만원 — 3년 뒤 중고값 6,342만원, 잔존가치 63%가 의미하는 것"
/Users/twinssn/Projects/cap/hotissue-hugo/content/posts/2026-07-20-rs3와-2시리즈-그란-쿠페-3년-뒤-중고-매각까지-고려한-총-소유비용-완전-분석.md,product_mismatch,하,"RS3와 2시리즈 그란 쿠페, 3년 뒤 중고 매각까지 고려한 총 소유비용 완전 분석"
/Users/twinssn/Projects/cap/hotissue-hugo/content/posts/2026-07-20-마이바흐-gls-vs-마이바흐-eqs-suv-3년-뒤-5515만원-차이-나는-진짜-이유.md,product_mismatch,하,"마이바흐 GLS vs 마이바흐 EQS SUV, 3년 뒤 5,515만원 차이 나는 진짜 이유"
/Users/twinssn/Projects/cap/hotissue-hugo/content/posts/2026-07-20-신차가-2900만원-차이인데-잔존가치는-역전-q8-vs-gls.md,product_mismatch,하,"신차가 2,900만원 차이인데 잔존가치는 역전 — Q8 vs GLS"
/Users/twinssn/Projects/cap/hotissue-hugo/content/posts/2026-07-20-포터2-감가가-큰-이유-3가지와-대처법.md,product_mismatch,하,"포터2 감가가 큰 이유 3가지와 대처법"
/Users/twinssn/Projects/cap/hotissue-hugo/content/posts/2026-07-21-g80-구매-전-꼭-알아야-할-감가-속도-i5와-비교하면-답이-나온다.md,product_mismatch,하,"G80 구매 전 꼭 알아야 할 감가 속도 — i5와 비교하면 답이 나온다"
/Users/twinssn/Projects/cap/hotissue-hugo/content/posts/2026-07-21-i4-캠리-유지비-비교-보험세금유류비-월-28만원의-차이.md,product_mismatch,하,"i4 캠리 유지비 비교 — 보험·세금·유류비 월 28만원의 차이"
/Users/twinssn/Projects/cap/hotissue-hugo/content/posts/2026-07-21-연봉-대비-nx-유지-가능할까-월-40만원의-진실.md,product_mismatch,하,"연봉 대비 NX 유지 가능할까? 월 40만원의 진실"
/Users/twinssn/Projects/cap/hotissue-hugo/content/posts/2026-07-21-잔존가치-55로-계산한-포터2-실질-소유비용-감가유지비-2513만원의-구성.md,product_mismatch,하,"잔존가치 55%로 계산한 포터2 실질 소유비용 — 감가+유지비 2,513만원의 구성"
/Users/twinssn/Projects/cap/hotissue-hugo/content/posts/2026-07-21-잔존가치-56로-본-포터2-실질-소유비용.md,product_mismatch,하,"잔존가치 56%로 본 포터2 실질 소유비용"
/Users/twinssn/Projects/cap/hotissue-hugo/content/posts/2026-07-22-신차-가격-15690만원-차이인데-3년-총비용은-8385만원-마이바흐-s클래스-vs-i7-역전-분석.md,product_mismatch,하,"신차 가격 15,690만원 차이인데 3년 총비용은 8,385만원 — 마이바흐 S클래스 vs i7 역전 분석"
/Users/twinssn/Projects/cap/hotissue-hugo/content/posts/2026-07-22-신차값-105만원-차이-3년-총비용은-459만원-프리우스-vs-g70-슈팅-브레이크.md,product_mismatch,하,"신차값 105만원 차이, 3년 총비용은 459만원 — 프리우스 vs G70 슈팅 브레이크"
/Users/twinssn/Projects/cap/hotissue-hugo/content/posts/2026-07-22-신차값-2280만원-차이-3년-총비용은-1701만원-2시리즈-그란-쿠페-vs-rs3.md,product_mismatch,하,"신차값 2,280만원 차이, 3년 총비용은 1,701만원 — 2시리즈 그란 쿠페 vs RS3"
/Users/twinssn/Projects/cap/hotissue-hugo/content/posts/2026-07-22-연봉-5천-직장인-기준-eqe와-i5-월-실부담-어느-쪽이-적을까-2026년-7월.md,product_mismatch,하,"연봉 5천 직장인 기준 EQE와 i5, 월 실부담 어느 쪽이 적을까 [2026년 7월]"
/Users/twinssn/Projects/cap/hotissue-hugo/content/posts/2026-07-22-월급-300만원-직장인이-포터2을-사면-매달-실제로-얼마가-나갈까.md,product_mismatch,하,"월급 300만원 직장인이 포터2을 사면 매달 실제로 얼마가 나갈까"
/Users/twinssn/Projects/cap/hotissue-hugo/content/posts/2026-07-23-4960만원-a3과-5110만원-2시리즈-그란-쿠페-3년-뒤-남는-돈은.md,product_mismatch,하,"4,960만원 A3과 5,110만원 2시리즈 그란 쿠페, 3년 뒤 남는 돈은?"
/Users/twinssn/Projects/cap/hotissue-hugo/content/posts/2026-07-23-i5-3년-총비용-6538만원-vs-g80-4807만원-매달-내는-돈으로-환산하면.md,product_mismatch,하,"i5 3년 총비용 6,538만원 vs G80 4,807만원 매달 내는 돈으로 환산하면?"
/Users/twinssn/Projects/cap/hotissue-hugo/content/posts/2026-07-23-rx-잔존가치-64-vs-x6-m-55-3년-보유-후-중고-매각-시-실제-손실-비교.md,product_mismatch,하,"RX 잔존가치 64% vs X6 M 55% 3년 보유 후 중고 매각 시 실제 손실 비교"
/Users/twinssn/Projects/cap/hotissue-hugo/content/posts/2026-07-23-x6-m-컴페티션와-rx-3년-감가-각각-9283만원-vs-4372만원-차이가-나는-결정적-이유.md,product_mismatch,하,"X6 M 컴페티션와 RX 3년 감가 각각 9,283만원 vs 4,372만원, 차이가 나는 결정적 이유"
/Users/twinssn/Projects/cap/hotissue-hugo/content/posts/2026-07-23-같은-돈으로-nx와-v60-크로스-컨트리-중-3년-뒤-덜-후회할-차는-어느-쪽일까.md,product_mismatch,하,"같은 돈으로 NX와 V60 크로스 컨트리 중 3년 뒤 덜 후회할 차는 어느 쪽일까"
/Users/twinssn/Projects/cap/hotissue-hugo/content/posts/2026-07-24-3년-후-팔-계획이라면-i5-vs-eqe-잔존가치감가-시뮬레이션-2026년-7월.md,product_mismatch,하,"3년 후 팔 계획이라면 i5 vs EQE 잔존가치감가 시뮬레이션 [2026년 7월]"
/Users/twinssn/Projects/cap/hotissue-hugo/content/posts/2026-07-24-q7-샀다가-3년-뒤-5726만원-날릴-수-있다-x6-m와-감가-비교.md,product_mismatch,하,"Q7 샀다가 3년 뒤 5,726만원 날릴 수 있다 X6 M와 감가 비교"
/Users/twinssn/Projects/cap/hotissue-hugo/content/posts/2026-07-24-같은-세그먼트-q4-e-트론와-nx-어느-쪽이-돈-덜-드는-차일까.md,product_mismatch,하,"같은 세그먼트 Q4 e-트론와 NX, 어느 쪽이 돈 덜 드는 차일까"
/Users/twinssn/Projects/cap/hotissue-hugo/content/posts/2026-07-24-아이오닉-9-잔존가치-54의-현실-lx와-비교했을-때-3년-후-중고-매각-손익.md,product_mismatch,하,"아이오닉 9 잔존가치 54%의 현실 LX와 비교했을 때 3년 후 중고 매각 손익"
/Users/twinssn/Projects/cap/hotissue-hugo/content/posts/2026-07-24-포터2-중고-시세-동향-잔존가치-57-유지될-수-있을까.md,product_mismatch,하,"포터2 중고 시세 동향 잔존가치 57% 유지될 수 있을까"
/Users/twinssn/Projects/cap/hotissue-hugo/content/posts/2026-07-25-8020만원에-산-x3-3년-뒤-4387만원-감가-분석.md,product_mismatch,하,"8,020만원에 산 X3, 3년 뒤 4,387만원 감가 분석"
/Users/twinssn/Projects/cap/hotissue-hugo/content/posts/2026-07-25-연봉-5천-직장인이-nx을-유지하려면-월급의-몇-를-써야-할까.md,product_mismatch,하,"연봉 5천 직장인이 NX을 유지하려면 월급의 몇 %를 써야 할까"
/Users/twinssn/Projects/cap/hotissue-hugo/content/posts/2026-07-25-포터2-유지비-월-39만원-이게-부담인지-아닌지-연봉별로-계산해봤다.md,product_mismatch,하,"포터2 유지비 월 39만원, 이게 부담인지 아닌지 연봉별로 계산해봤다"
/Users/twinssn/Projects/cap/hotissue-hugo/content/posts/2026-07-26-x6-m-컴페티션-vs-x5-m-연비감가보험-데이터로-본-2026년-최적-선택.md,product_mismatch,하,'X6 M 컴페티션 vs X5 M 연비감가보험 데이터로 본 2026년 최적 선택'
/Users/twinssn/Projects/cap/hotissue-hugo/content/posts/2026-07-26-아이오닉-9와-g클래스-중-3년-후-덜-손해-보는-차는-2026년-7월-기준.md,product_mismatch,하,"아이오닉 9와 G클래스 중 3년 후 덜 손해 보는 차는? [2026년 7월 기준]"
/Users/twinssn/Projects/cap/hotissue-hugo/content/posts/2026-07-26-잔존가치로-보면-답-나온다-모델-3와-g70-3년-실비용-비교.md,product_mismatch,하,'잔존가치로 보면 답 나온다 모델 3와 G70 3년 실비용 비교'
/Users/twinssn/Projects/cap/hotissue-hugo/content/posts/2026-07-26-중고-매각까지-포함한-g70-vs-3시리즈-실질-소유비용-3년-총손실-비교.md,product_mismatch,하,"중고 매각까지 포함한 G70 vs 3시리즈 실질 소유비용 3년 총손실 비교"
/Users/twinssn/Projects/cap/hotissue-hugo/content/posts/2026-07-27-19920만원-x6-m-vs-17000만원-gle-3년-뒤-감가-손실-9103만원-vs-8177만원-비교.md,product_mismatch,하,'19,920만원 X6 M vs 17,000만원 GLE 3년 뒤 감가 손실 9,103만원 vs 8,177만원 비교'
/Users/twinssn/Projects/cap/hotissue-hugo/content/posts/2026-07-27-2026년형-g70-vs-i4-감가보험유류비자동차세-4개-항목-완전-비교-2026년-7월.md,product_mismatch,하,'2026년형 G70 vs i4 감가보험유류비자동차세 4개 항목 완전 비교 [2026년 7월]'
/Users/twinssn/Projects/cap/hotissue-hugo/content/posts/2026-07-27-3년-후-중고값-7382만원-vs-x6-m-되팔-때-후회-없는-선택은.md,product_mismatch,하,'3년 후 중고값 7,382만원 vs X6 M 되팔 때 후회 없는 선택은?'
/Users/twinssn/Projects/cap/hotissue-hugo/content/posts/2026-07-27-3시리즈와-g70-같은-기간-보유하면-누가-더-많이-남기나-2026년-7월.md,product_mismatch,하,'3시리즈와 G70, 같은 기간 보유하면 누가 더 많이 남기나 [2026년 7월]'
/Users/twinssn/Projects/cap/hotissue-hugo/content/posts/2026-07-27-신차-2493만원-포터2-3년-뒤-중고값-1419만원-잔존가치-57의-의미.md,product_mismatch,하,'신차 2,493만원 포터2, 3년 뒤 중고값 1,419만원 잔존가치 57%의 의미'
/Users/twinssn/Projects/cap/hotissue-hugo/content/posts/2026-07-28-g70와-쏘나타-하이브리드-월-유지비-37만원-기준으로-따지면-어느-쪽이-실제로-저렴한가.md,product_mismatch,하,'G70와 쏘나타 하이브리드, 월 유지비 37만원 기준으로 따지면 어느 쪽이 실제로 저렴한가'
/Users/twinssn/Projects/cap/hotissue-hugo/content/posts/2026-07-28-q4-e-트론-45-프리미엄-7180만원이-적정-가격인지-판단하는-법-2026년-7월-기준.md,product_mismatch,하,'Q4 e-트론 45 프리미엄 7,180만원이 적정 가격인지 판단하는 법 [2026년 7월 기준]'
/Users/twinssn/Projects/cap/hotissue-hugo/content/posts/2026-07-28-x6-m-유지비-비교-보험세금유류비-월-63만원의-차이.md,product_mismatch,하,'X6 M 유지비 비교 보험세금유류비 월 63만원의 차이'
/Users/twinssn/Projects/cap/hotissue-hugo/content/posts/2026-07-28-포터2-3년-총비용-2488만원-중-감가-1087만원-유지비-1401만원-어디서-더-새나.md,product_mismatch,하,'포터2 3년 총비용 2,488만원 중 감가 1,087만원, 유지비 1,401만원 어디서 더 새나'
/Users/twinssn/Projects/cap/hotissue-hugo/content/posts/2026-07-28-필랑트-vs-m2-감가-비교-몰랐으면-2409만원-손해-볼-뻔.md,product_mismatch,하,'필랑트 vs M2 감가 비교 몰랐으면 2,409만원 손해 볼 뻔'
/Users/twinssn/Projects/cap/hotissue-hugo/content/posts/2026-07-29-5시리즈-잔존가치-52의-현실-i5와-비교했을-때-3년-후-중고-매각-손익.md,product_mismatch,하,'5시리즈 잔존가치 52%의 현실 i5와 비교했을 때 3년 후 중고 매각 손익'
/Users/twinssn/Projects/cap/hotissue-hugo/content/posts/2026-07-29-리세일-벨류로-따지면-필랑트와-rs3-중-어느-쪽이-현명한-선택일까.md,product_mismatch,하,'리세일 벨류로 따지면 필랑트와 RS3 중 어느 쪽이 현명한 선택일까'
/Users/twinssn/Projects/cap/hotissue-hugo/content/posts/2026-07-29-아이오닉-6-n-awd와-g70-3년-감가-각각-3835만원-vs-2328만원-차이가-나는-결정적-이유.md,product_mismatch,하,'아이오닉 6 N AWD와 G70 3년 감가 각각 3,835만원 vs 2,328만원, 차이가 나는 결정적 이유'
/Users/twinssn/Projects/cap/hotissue-hugo/content/posts/2026-07-29-아이오닉-9와-마이바흐-gls-월-유지비-28만원-기준으로-따지면-어느-쪽이-실제로-저렴한가.md,product_mismatch,하,'아이오닉 9와 마이바흐 GLS, 월 유지비 28만원 기준으로 따지면 어느 쪽이 실제로 저렴한가'
/Users/twinssn/Projects/cap/hotissue-hugo/content/posts/2026-07-30-17740만원-7시리즈-vs-22490만원-rs-e-트론-gt-3년-뒤-감가-손실-8356만원-vs.md,product_mismatch,하,'17,740만원 7시리즈 vs 22,490만원 RS e-트론 GT 3년 뒤 감가 손실 8,356만원 vs…'
/Users/twinssn/Projects/cap/hotissue-hugo/content/posts/2026-07-30-8시리즈-3년-총비용-9351만원-vs-7시리즈-9492만원-매달-내는-돈으로-환산하면.md,product_mismatch,하,'8시리즈 3년 총비용 9,351만원 vs 7시리즈 9,492만원 매달 내는 돈으로 환산하면?'
/Users/twinssn/Projects/cap/hotissue-hugo/content/posts/2026-07-30-신차가-1778만원-차이인데-잔존가치는-역전-오딧세이-vs-스타리아.md,product_mismatch,하,'신차가 1,778만원 차이인데 잔존가치는 역전 오딧세이 vs 스타리아'
/Users/twinssn/Projects/cap/hotissue-hugo/content/posts/2026-07-30-중고차-딜러가-보는-포터2-잔존가치-57면-시장에서-어떤-평가를-받나.md,product_mismatch,하,'중고차 딜러가 보는 포터2 잔존가치 57%면 시장에서 어떤 평가를 받나'
/Users/twinssn/Projects/cap/hotissue-hugo/content/posts/2026-07-30-포터2-2wd-슈퍼캡-초장축-프리미엄-할부-36개월-월-73만원-vs-48개월-56만원-이자-차이와-선택-기준.md,product_mismatch,하,'포터2 2WD 슈퍼캡 초장축 프리미엄 할부 36개월 월 73만원 vs 48개월 56만원 이자 차이와 선택 기준'
/Users/twinssn/Projects/cap/hotissue-hugo/content/posts/2026-07-31-17765만원-s-e-트론-gt-3년-후-8474만원-vs-7시리즈-잔존가치가-구매-결정을-바꾼다.md,product_mismatch,하,'17,765만원 S e-트론 GT 3년 후 8,474만원 vs 7시리즈 잔존가치가 구매 결정을 바꾼다'
/Users/twinssn/Projects/cap/hotissue-hugo/content/posts/2026-07-31-7시리즈와-8시리즈-월-유지비-59만원-기준으로-따지면-어느-쪽이-실제로-저렴한가.md,product_mismatch,하,'7시리즈와 8시리즈, 월 유지비 59만원 기준으로 따지면 어느 쪽이 실제로 저렴한가'
/Users/twinssn/Projects/cap/hotissue-hugo/content/posts/2026-07-31-rs3-vs-필랑트-3년-뒤-1907만원-차이-나는-진짜-이유.md,product_mismatch,하,'RS3 vs 필랑트, 3년 뒤 1,907만원 차이 나는 진짜 이유'
/Users/twinssn/Projects/cap/hotissue-hugo/content/posts/2026-07-31-x6-m-중고시세-54-유지-x6는-55-차이가-1696만원.md,product_mismatch,하,'X6 M 중고시세 54% 유지, X6는 55% 차이가 1,696만원'
/Users/twinssn/Projects/cap/hotissue-hugo/content/posts/2026-07-31-신차-살-때-잔존가치-먼저-봐야-하는-이유-i4-vs-g70-감가-데이터.md,product_mismatch,하,'신차 살 때 잔존가치 먼저 봐야 하는 이유 i4 vs G70 감가 데이터'
/Users/twinssn/Projects/cap/hotissue-hugo/content/posts/2026-08-01-21650만원-i7와-17765만원-s-e-트론-gt-실비용은-역전된다.md,product_mismatch,하,'21,650만원 i7와 17,765만원 S e-트론 GT 실비용은 역전된다'
/Users/twinssn/Projects/cap/hotissue-hugo/content/posts/2026-08-01-i5-감가-5385만원-vs-m5-8098만원-어느-쪽이-더-빠지나.md,product_mismatch,하,'i5 감가 5,385만원 vs M5 8,098만원 어느 쪽이 더 빠지나'
/Users/twinssn/Projects/cap/hotissue-hugo/content/posts/2026-08-01-k9-감가-3474만원의-현실-3년-보유-후-중고-매각-시-실제-손실-계산.md,product_mismatch,하,'K9 감가 3,474만원의 현실 3년 보유 후 중고 매각 시 실제 손실 계산'
/Users/twinssn/Projects/cap/hotissue-hugo/content/posts/2026-08-01-신차-살-때-아무도-말-안-해주는-것-8시리즈와-k9-3년-실비용-비교.md,product_mismatch,하,'신차 살 때 아무도 말 안 해주는 것 8시리즈와 K9 3년 실비용 비교'
/Users/twinssn/Projects/cap/hotissue-hugo/content/posts/2026-08-01-포터2-2wd-슈퍼캡-초장축-프리미엄-구매-전-반드시-확인할-3년-유지비-시뮬레이션-2515만원의-구성.md,product_mismatch,하,'포터2 2WD 슈퍼캡 초장축 프리미엄 구매 전 반드시 확인할 3년 유지비 시뮬레이션 2,515만원의 구성'
/Users/twinssn/Projects/cap/hotissue-hugo/content/posts/2026-08-02-k9-54-vs-8시리즈-53-잔존가치-1p-차이가-실제-얼마인지-계산해봤다.md,product_mismatch,하,'K9 54% vs 8시리즈 53% 잔존가치 1%p 차이가 실제 얼마인지 계산해봤다'
/Users/twinssn/Projects/cap/hotissue-hugo/content/posts/2026-08-02-신차-17410만원-m5-3년-뒤-중고값-8949만원-잔존가치-51의-의미.md,product_mismatch,하,'신차 17,410만원 M5, 3년 뒤 중고값 8,949만원 잔존가치 51%의 의미'
/Users/twinssn/Projects/cap/hotissue-hugo/content/posts/2026-08-02-중고차로-팔-때-rs-e-트론-gt은-10930만원-k9는-얼마-잔존가치로-본-3년-손익.md,product_mismatch,하,'중고차로 팔 때 RS e-트론 GT은 10,930만원, K9는 얼마? 잔존가치로 본 3년 손익'
/Users/twinssn/Projects/cap/hotissue-hugo/content/posts/2026-08-03-10600만원짜리-i5-3년-보유하면-잔존가치-48로-5141만원에-팔-수-있다.md,product_mismatch,하,'10,600만원짜리 i5, 3년 보유하면 잔존가치 48%로 5,141만원에 팔 수 있다'
/Users/twinssn/Projects/cap/hotissue-hugo/content/posts/2026-08-03-15210만원-8시리즈과-16750만원-i7-3년-뒤-남는-돈은.md,product_mismatch,하,'15,210만원 8시리즈과 16,750만원 i7, 3년 뒤 남는 돈은?'
/Users/twinssn/Projects/cap/hotissue-hugo/content/posts/2026-08-03-s-e-트론-gt-잔존가치-하락-속도-vs-i7-1년2년3년-단계별-시세-예측.md,product_mismatch,하,'S e-트론 GT 잔존가치 하락 속도 vs i7 1년2년3년 단계별 시세 예측'
/Users/twinssn/Projects/cap/hotissue-hugo/content/posts/2026-08-03-같은-예산으로-더-오래-가치-유지하는-차는-k9-vs-rs-e-트론-gt-잔존가치-시뮬레이션.md,product_mismatch,하,'같은 예산으로 더 오래 가치 유지하는 차는? K9 vs RS e-트론 GT 잔존가치 시뮬레이션'
/Users/twinssn/Projects/cap/hotissue-hugo/content/posts/2026-08-03-중고-매각까지-포함한-스타리아-vs-오딧세이-실질-소유비용-3년-총손실-비교.md,product_mismatch,하,'중고 매각까지 포함한 스타리아 vs 오딧세이 실질 소유비용 3년 총손실 비교'
/Users/twinssn/Projects/cap/hotissue-hugo/content/posts/2026-08-05-xc40와-x1-중-3년-후-덜-손해-보는-차는-2026년-8월-기준.md,product_mismatch,하,'XC40와 X1 중 3년 후 덜 손해 보는 차는? [2026년 8월 기준]'
/Users/twinssn/Projects/cap/hotissue-hugo/content/posts/2026-08-05-신차-살-때-아무도-말-안-해주는-것-gv60-마그마와-x1-3년-실비용-비교.md,product_mismatch,하,'신차 살 때 아무도 말 안 해주는 것 GV60 마그마와 X1 3년 실비용 비교'
