row_id,check_name,blog_id,raw_status,raw_problem_count,adjudicated_label,evidence_source,evidence_timestamp,reviewer_note
144027,c08_live_file_mismatch,compare-hugo,fail,6,FP,audit_report_L109-133,2026-08-20T15:49:11.757283,
144048,c08_live_file_mismatch,deal-hugo,fail,4,FP,audit_report_L109-133,2026-08-20T15:49:13.042929,
144070,c08_live_file_mismatch,ev-hugo,fail,302,FP,audit_report_L109-133,2026-08-20T15:49:14.289964,
144091,c08_live_file_mismatch,guide-hugo,fail,8,FP,audit_report_L109-133,2026-08-20T15:49:15.284545,
144112,c08_live_file_mismatch,hotissue-hugo,fail,219,FP,audit_report_L109-133,2026-08-20T15:49:16.916041,
144134,c08_live_file_mismatch,pick-hugo,fail,4,FP,audit_report_L109-133,2026-08-20T15:49:18.136839,
144155,c08_live_file_mismatch,rank-hugo,fail,6,FP,audit_report_L109-133,2026-08-20T15:49:19.102034,
144177,c08_live_file_mismatch,tco-hugo,fail,2,FP,audit_report_L109-133,2026-08-20T15:49:20.233197,
144198,c08_live_file_mismatch,appliance-hugo,fail,863,FP,audit_report_L109-133,2026-08-20T15:49:21.947337,
144220,c08_live_file_mismatch,baby-hugo,fail,853,FP,audit_report_L109-133,2026-08-20T15:49:23.383728,
144242,c08_live_file_mismatch,beauty-hugo,fail,629,FP,audit_report_L109-133,2026-08-20T15:49:25.535219,
144264,c08_live_file_mismatch,bike-hugo,fail,10,FP,audit_report_L109-133,2026-08-20T15:49:26.674766,
144307,c08_live_file_mismatch,car-hugo,fail,16,FP,audit_report_L109-133,2026-08-20T15:49:28.719053,
144328,c08_live_file_mismatch,fitness-hugo,fail,903,FP,audit_report_L109-133,2026-08-20T15:49:29.955949,
144350,c08_live_file_mismatch,golf-hugo,fail,14,FP,audit_report_L109-133,2026-08-20T15:49:30.900837,
144371,c08_live_file_mismatch,health-hugo,fail,583,FP,audit_report_L109-133,2026-08-20T15:49:32.188192,
144393,c08_live_file_mismatch,homeappliance-hugo,fail,14,FP,audit_report_L109-133,2026-08-20T15:49:32.959177,
144414,c08_live_file_mismatch,interior-hugo,fail,1076,FP,audit_report_L109-133,2026-08-20T15:49:34.674770,
144436,c08_live_file_mismatch,kitchen-hugo,fail,593,FP,audit_report_L109-133,2026-08-20T15:49:36.233613,
144458,c08_live_file_mismatch,laptop-hugo,fail,517,FP,audit_report_L109-133,2026-08-20T15:49:37.421426,
144480,c08_live_file_mismatch,massage-hugo,fail,16,FP,audit_report_L109-133,2026-08-20T15:49:38.275984,
144525,c08_live_file_mismatch,adventure-hugo,fail,306,FP,audit_report_L109-133,2026-08-20T15:49:40.457352,
144548,c08_live_file_mismatch,airlines-hugo,fail,228,FP,audit_report_L109-133,2026-08-20T15:49:41.753377,
144571,c08_live_file_mismatch,airports-hugo,fail,325,FP,audit_report_L109-133,2026-08-20T15:49:42.783324,
144594,c08_live_file_mismatch,bus-hugo,fail,322,FP,audit_report_L109-133,2026-08-20T15:49:43.965614,
144639,c08_live_file_mismatch,cruise-hugo,fail,200,FP,audit_report_L109-133,2026-08-20T15:49:46.099530,
144661,c08_live_file_mismatch,culture-hugo,fail,312,FP,audit_report_L109-133,2026-08-20T15:49:47.643706,
144683,c08_live_file_mismatch,daytrips-hugo,fail,342,FP,audit_report_L109-133,2026-08-20T15:49:49.045858,
144706,c08_live_file_mismatch,deals-hugo,fail,210,FP,audit_report_L109-133,2026-08-20T15:49:50.035801,
144729,c08_live_file_mismatch,dining-hugo,fail,238,FP,audit_report_L109-133,2026-08-20T15:49:50.955139,
144752,c08_live_file_mismatch,escape-hugo,fail,196,FP,audit_report_L109-133,2026-08-20T15:49:51.915772,
144774,c08_live_file_mismatch,esim-hugo,fail,508,FP,audit_report_L109-133,2026-08-20T15:49:53.333843,
144796,c08_live_file_mismatch,eurail-hugo,fail,320,FP,audit_report_L109-133,2026-08-20T15:49:54.773897,
144819,c08_live_file_mismatch,extreme-hugo,fail,210,FP,audit_report_L109-133,2026-08-20T15:49:55.533414,
144842,c08_live_file_mismatch,ferry-hugo,fail,314,FP,audit_report_L109-133,2026-08-20T15:49:56.586976,
144865,c08_live_file_mismatch,flights-hugo,fail,537,FP,audit_report_L109-133,2026-08-20T15:49:57.722121,
144888,c08_live_file_mismatch,foodtour-hugo,fail,280,FP,audit_report_L109-133,2026-08-20T15:49:58.799790,
144911,c08_live_file_mismatch,ghost-hugo,fail,186,FP,audit_report_L109-133,2026-08-20T15:49:59.854836,
144934,c08_live_file_mismatch,hiking-hugo,fail,158,FP,audit_report_L109-133,2026-08-20T15:50:00.854714,
144957,c08_live_file_mismatch,layover-hugo,fail,194,FP,audit_report_L109-133,2026-08-20T15:50:01.847677,
144980,c08_live_file_mismatch,luxury-hugo,fail,218,FP,audit_report_L109-133,2026-08-20T15:50:02.784932,
145002,c08_live_file_mismatch,michelin-hugo,fail,524,FP,audit_report_L109-133,2026-08-20T15:50:04.099649,
145025,c08_live_file_mismatch,multiday-hugo,fail,314,FP,audit_report_L109-133,2026-08-20T15:50:05.157577,
145048,c08_live_file_mismatch,nature-hugo,fail,210,FP,audit_report_L109-133,2026-08-20T15:50:06.189262,
145071,c08_live_file_mismatch,nightlife-hugo,fail,208,FP,audit_report_L109-133,2026-08-20T15:50:07.198016,
145093,c08_live_file_mismatch,nomad-hugo,fail,78,FP,audit_report_L109-133,2026-08-20T15:50:08.191744,
145116,c08_live_file_mismatch,phototour-hugo,fail,216,FP,audit_report_L109-133,2026-08-20T15:50:09.132443,
145138,c08_live_file_mismatch,tour-hugo,fail,486,FP,audit_report_L109-133,2026-08-20T15:50:10.361436,
145161,c08_live_file_mismatch,tours-hugo,fail,388,FP,audit_report_L109-133,2026-08-20T15:50:12.019728,
145184,c08_live_file_mismatch,trains-hugo,fail,268,FP,audit_report_L109-133,2026-08-20T15:50:13.252864,
145207,c08_live_file_mismatch,transfers-hugo,fail,312,FP,audit_report_L109-133,2026-08-20T15:50:14.195517,
145230,c08_live_file_mismatch,visa-hugo,fail,482,FP,audit_report_L109-133,2026-08-20T15:50:15.223621,
145252,c08_live_file_mismatch,visafree-hugo,fail,318,FP,audit_report_L109-133,2026-08-20T15:50:16.255961,
145275,c08_live_file_mismatch,walking-hugo,fail,290,FP,audit_report_L109-133,2026-08-20T15:50:17.287106,
145298,c08_live_file_mismatch,watersports-hugo,fail,310,FP,audit_report_L109-133,2026-08-20T15:50:19.399450,
145321,c08_live_file_mismatch,watertours-hugo,fail,204,FP,audit_report_L109-133,2026-08-20T15:50:20.471067,
145343,c08_live_file_mismatch,biz-techpawz-hugo,fail,97,FP,audit_report_L109-133,2026-08-20T15:50:22.015248,
145365,c08_live_file_mismatch,informationhot-hugo,fail,119,FP,audit_report_L109-133,2026-08-20T15:50:23.651147,
145387,c08_live_file_mismatch,issue-techpawz-hugo,fail,160,FP,audit_report_L109-133,2026-08-20T15:50:25.487393,
145409,c08_live_file_mismatch,rotcha-blog,fail,3179,FP,audit_report_L109-133,2026-08-20T15:50:29.220897,
145431,c08_live_file_mismatch,techpawz-hugo,fail,121,FP,audit_report_L109-133,2026-08-20T15:50:32.743211,
145454,c08_live_file_mismatch,tvshow-blogger,fail,1,FP,audit_report_L109-133,2026-08-20T15:50:36.626305,
145475,c08_live_file_mismatch,ud-blogger,fail,1,FP,audit_report_L109-133,2026-08-20T15:50:40.677514,
145496,c08_live_file_mismatch,rap-hugo,fail,177,FP,audit_report_L109-133,2026-08-20T15:50:43.233754,
145518,c08_live_file_mismatch,rap2-hugo,fail,121,FP,audit_report_L109-133,2026-08-20T15:50:45.054083,
145540,c08_live_file_mismatch,rap3-hugo,fail,136,FP,audit_report_L109-133,2026-08-20T15:50:46.736654,
145562,c08_live_file_mismatch,rap4-hugo,fail,108,FP,audit_report_L109-133,2026-08-20T15:50:48.640549,
145584,c08_live_file_mismatch,rap5-hugo,fail,140,FP,audit_report_L109-133,2026-08-20T15:50:50.306584,
145606,c08_live_file_mismatch,senior-blogger,fail,1,FP,audit_report_L109-133,2026-08-20T15:50:53.390200,
145627,c08_live_file_mismatch,senior-hugo,fail,198,FP,audit_report_L109-133,2026-08-20T15:50:57.347384,
145649,c08_live_file_mismatch,dividend-hugo,fail,151,FP,audit_report_L109-133,2026-08-20T15:50:58.875013,
145671,c08_live_file_mismatch,etf-hugo,fail,114,FP,audit_report_L109-133,2026-08-20T15:51:00.204119,
145693,c08_live_file_mismatch,finance-hugo,fail,79,FP,audit_report_L109-133,2026-08-20T15:51:01.474667,
145715,c08_live_file_mismatch,ipo-hugo,fail,23,FP,audit_report_L109-133,2026-08-20T15:51:02.525002,
145737,c08_live_file_mismatch,sector-hugo,fail,72,FP,audit_report_L109-133,2026-08-20T15:51:03.592409,
145759,c08_live_file_mismatch,stock-hugo,fail,466,FP,audit_report_L109-133,2026-08-20T15:51:05.048589,
145781,c08_live_file_mismatch,tap-blogger,fail,1,FP,audit_report_L109-133,2026-08-20T15:51:06.840258,
145900,c08_live_file_mismatch,travel4-hugo,fail,131,FP,audit_report_L109-133,2026-08-20T15:51:15.365614,
145924,c08_live_file_mismatch,travel-hugo,fail,228,FP,audit_report_L109-133,2026-08-20T16:01:25.163504,
145946,c08_live_file_mismatch,pet-hugo,fail,425,FP,audit_report_L109-133,2026-08-20T16:02:14.030228,
145970,c08_live_file_mismatch,travel1-hugo,fail,198,FP,audit_report_L109-133,2026-08-20T16:03:08.103321,
145993,c08_live_file_mismatch,travel2-hugo,fail,123,FP,audit_report_L109-133,2026-08-20T16:05:30.675295,
146015,c08_live_file_mismatch,citytours-hugo,fail,226,FP,audit_report_L109-133,2026-08-20T16:06:07.779859,
146038,c08_live_file_mismatch,travel3-hugo,fail,93,FP,audit_report_L109-133,2026-08-20T16:07:28.783935,
146059,c08_live_file_mismatch,camping-hugo,fail,543,UNKNOWN-FOLLOWUP,audit_report_L109-133,2026-08-20T16:11:13.172073,db row count exceeds audit classified count for this check_name
144054,FM-MISSINGKEYS,deal-hugo,fail,1,TP,audit_report_L109-133,2026-08-20T15:49:13.761798,
144118,FM-MISSINGKEYS,hotissue-hugo,fail,1,TP,audit_report_L109-133,2026-08-20T15:49:17.767485,
144161,FM-MISSINGKEYS,rank-hugo,fail,1,TP,audit_report_L109-133,2026-08-20T15:49:19.732444,
144204,FM-MISSINGKEYS,appliance-hugo,fail,1,TP,audit_report_L109-133,2026-08-20T15:49:22.660053,
144226,FM-MISSINGKEYS,baby-hugo,fail,1,TP,audit_report_L109-133,2026-08-20T15:49:24.025175,
144248,FM-MISSINGKEYS,beauty-hugo,fail,1,TP,audit_report_L109-133,2026-08-20T15:49:26.498821,
144334,FM-MISSINGKEYS,fitness-hugo,fail,1,TP,audit_report_L109-133,2026-08-20T15:49:30.685621,
144377,FM-MISSINGKEYS,health-hugo,fail,1,TP,audit_report_L109-133,2026-08-20T15:49:32.766153,
144420,FM-MISSINGKEYS,interior-hugo,fail,1,TP,audit_report_L109-133,2026-08-20T15:49:35.418949,
144442,FM-MISSINGKEYS,kitchen-hugo,fail,1,TP,audit_report_L109-133,2026-08-20T15:49:36.774064,
144464,FM-MISSINGKEYS,laptop-hugo,fail,1,TP,audit_report_L109-133,2026-08-20T15:49:38.058560,
144531,FM-MISSINGKEYS,adventure-hugo,fail,1,TP,audit_report_L109-133,2026-08-20T15:49:41.373620,
144554,FM-MISSINGKEYS,airlines-hugo,fail,1,TP,audit_report_L109-133,2026-08-20T15:49:42.278492,
144577,FM-MISSINGKEYS,airports-hugo,fail,1,TP,audit_report_L109-133,2026-08-20T15:49:43.505710,
144600,FM-MISSINGKEYS,bus-hugo,fail,1,TP,audit_report_L109-133,2026-08-20T15:49:44.690750,
144623,FM-MISSINGKEYS,citytours-hugo,fail,1,TP,audit_report_L109-133,2026-08-20T15:49:45.693683,
144645,FM-MISSINGKEYS,cruise-hugo,fail,1,TP,audit_report_L109-133,2026-08-20T15:49:46.763248,
144667,FM-MISSINGKEYS,culture-hugo,fail,1,TP,audit_report_L109-133,2026-08-20T15:49:48.527742,
144689,FM-MISSINGKEYS,daytrips-hugo,fail,1,TP,audit_report_L109-133,2026-08-20T15:49:49.652014,
144712,FM-MISSINGKEYS,deals-hugo,fail,1,TP,audit_report_L109-133,2026-08-20T15:49:50.371378,
144735,FM-MISSINGKEYS,dining-hugo,fail,1,TP,audit_report_L109-133,2026-08-20T15:49:51.526671,
144758,FM-MISSINGKEYS,escape-hugo,fail,1,TP,audit_report_L109-133,2026-08-20T15:49:52.236234,
144780,FM-MISSINGKEYS,esim-hugo,fail,1,TP,audit_report_L109-133,2026-08-20T15:49:53.951274,
144802,FM-MISSINGKEYS,eurail-hugo,fail,1,TP,audit_report_L109-133,2026-08-20T15:49:55.102846,
144825,FM-MISSINGKEYS,extreme-hugo,fail,1,TP,audit_report_L109-133,2026-08-20T15:49:56.144780,
144848,FM-MISSINGKEYS,ferry-hugo,fail,1,TP,audit_report_L109-133,2026-08-20T15:49:57.211657,
144871,FM-MISSINGKEYS,flights-hugo,fail,1,TP,audit_report_L109-133,2026-08-20T15:49:58.359432,
144894,FM-MISSINGKEYS,foodtour-hugo,fail,1,TP,audit_report_L109-133,2026-08-20T15:49:59.478743,
144917,FM-MISSINGKEYS,ghost-hugo,fail,1,TP,audit_report_L109-133,2026-08-20T15:50:00.445100,
144940,FM-MISSINGKEYS,hiking-hugo,fail,1,TP,audit_report_L109-133,2026-08-20T15:50:01.412770,
144963,FM-MISSINGKEYS,layover-hugo,fail,1,FP,audit_report_L109-133,2026-08-20T15:50:02.407099,
144986,FM-MISSINGKEYS,luxury-hugo,fail,1,FP,audit_report_L109-133,2026-08-20T15:50:03.498011,
145008,FM-MISSINGKEYS,michelin-hugo,fail,1,FP,audit_report_L109-133,2026-08-20T15:50:04.724951,
145031,FM-MISSINGKEYS,multiday-hugo,fail,1,FP,audit_report_L109-133,2026-08-20T15:50:05.812556,
145054,FM-MISSINGKEYS,nature-hugo,fail,1,FP,audit_report_L109-133,2026-08-20T15:50:06.800016,
145077,FM-MISSINGKEYS,nightlife-hugo,fail,1,FP,audit_report_L109-133,2026-08-20T15:50:07.846386,
145099,FM-MISSINGKEYS,nomad-hugo,fail,1,FP,audit_report_L109-133,2026-08-20T15:50:08.746609,
145122,FM-MISSINGKEYS,phototour-hugo,fail,1,FP,audit_report_L109-133,2026-08-20T15:50:09.782415,
145144,FM-MISSINGKEYS,tour-hugo,fail,1,FP,audit_report_L109-133,2026-08-20T15:50:10.986627,
145167,FM-MISSINGKEYS,tours-hugo,fail,1,FP,audit_report_L109-133,2026-08-20T15:50:12.892856,
145190,FM-MISSINGKEYS,trains-hugo,fail,1,FP,audit_report_L109-133,2026-08-20T15:50:13.768529,
145213,FM-MISSINGKEYS,transfers-hugo,fail,1,FP,audit_report_L109-133,2026-08-20T15:50:14.744934,
145236,FM-MISSINGKEYS,visa-hugo,fail,1,FP,audit_report_L109-133,2026-08-20T15:50:15.832430,
145258,FM-MISSINGKEYS,visafree-hugo,fail,1,FP,audit_report_L109-133,2026-08-20T15:50:16.856535,
145281,FM-MISSINGKEYS,walking-hugo,fail,1,FP,audit_report_L109-133,2026-08-20T15:50:17.886873,
145304,FM-MISSINGKEYS,watersports-hugo,fail,1,FP,audit_report_L109-133,2026-08-20T15:50:20.026433,
145327,FM-MISSINGKEYS,watertours-hugo,fail,1,FP,audit_report_L109-133,2026-08-20T15:50:21.176910,
145349,FM-MISSINGKEYS,biz-techpawz-hugo,fail,1,FP,audit_report_L109-133,2026-08-20T15:50:22.979489,
145371,FM-MISSINGKEYS,informationhot-hugo,fail,1,FP,audit_report_L109-133,2026-08-20T15:50:24.388919,
145393,FM-MISSINGKEYS,issue-techpawz-hugo,fail,1,FP,audit_report_L109-133,2026-08-20T15:50:27.472900,
145415,FM-MISSINGKEYS,rotcha-blog,fail,1,FP,audit_report_L109-133,2026-08-20T15:50:30.950679,
145437,FM-MISSINGKEYS,techpawz-hugo,fail,1,FP,audit_report_L109-133,2026-08-20T15:50:35.608118,
145502,FM-MISSINGKEYS,rap-hugo,fail,1,FP,audit_report_L109-133,2026-08-20T15:50:43.913073,
145524,FM-MISSINGKEYS,rap2-hugo,fail,1,FP,audit_report_L109-133,2026-08-20T15:50:46.036506,
145546,FM-MISSINGKEYS,rap3-hugo,fail,1,FP,audit_report_L109-133,2026-08-20T15:50:47.396441,
145568,FM-MISSINGKEYS,rap4-hugo,fail,1,FP,audit_report_L109-133,2026-08-20T15:50:49.587820,
145590,FM-MISSINGKEYS,rap5-hugo,fail,1,FP,audit_report_L109-133,2026-08-20T15:50:51.221395,
145633,FM-MISSINGKEYS,senior-hugo,fail,1,FP,audit_report_L109-133,2026-08-20T15:50:58.212851,
145655,FM-MISSINGKEYS,dividend-hugo,fail,1,FP,audit_report_L109-133,2026-08-20T15:50:59.703836,
145677,FM-MISSINGKEYS,etf-hugo,fail,1,FP,audit_report_L109-133,2026-08-20T15:51:00.856515,
145699,FM-MISSINGKEYS,finance-hugo,fail,1,FP,audit_report_L109-133,2026-08-20T15:51:02.174360,
145721,FM-MISSINGKEYS,ipo-hugo,fail,1,FP,audit_report_L109-133,2026-08-20T15:51:03.098431,
145743,FM-MISSINGKEYS,sector-hugo,fail,1,FP,audit_report_L109-133,2026-08-20T15:51:04.254092,
145765,FM-MISSINGKEYS,stock-hugo,fail,1,FP,audit_report_L109-133,2026-08-20T15:51:05.746106,
145810,FM-MISSINGKEYS,travel-hugo,fail,1,FP,audit_report_L109-133,2026-08-20T15:51:10.096863,
145834,FM-MISSINGKEYS,travel1-hugo,fail,1,FP,audit_report_L109-133,2026-08-20T15:51:11.387529,
145858,FM-MISSINGKEYS,travel2-hugo,fail,1,FP,audit_report_L109-133,2026-08-20T15:51:13.145276,
145882,FM-MISSINGKEYS,travel3-hugo,fail,1,FP,audit_report_L109-133,2026-08-20T15:51:14.589882,
145906,FM-MISSINGKEYS,travel4-hugo,fail,1,FP,audit_report_L109-133,2026-08-20T15:51:16.023070,
145952,FM-MISSINGKEYS,pet-hugo,fail,1,FP,audit_report_L109-133,2026-08-20T16:02:14.928117,
146065,FM-MISSINGKEYS,camping-hugo,fail,1,UNKNOWN-FOLLOWUP,audit_report_L109-133,2026-08-20T16:11:13.860253,db row count exceeds audit classified count for this check_name
144025,c06_mtime_deploy,compare-hugo,unknown,1,TP,audit_report_L109-133,2026-08-20T15:49:11.720403,c06 sample TP (undistributed) — must stay TP
144046,c06_mtime_deploy,deal-hugo,pass,1,TP,audit_report_L109-133,2026-08-20T15:49:13.027649,c06 sample TP (undistributed) — must stay TP
144068,c06_mtime_deploy,ev-hugo,pass,1,TP,audit_report_L109-133,2026-08-20T15:49:14.277214,c06 sample TP (undistributed) — must stay TP
144089,c06_mtime_deploy,guide-hugo,unknown,1,TP,audit_report_L109-133,2026-08-20T15:49:15.268744,c06 sample TP (undistributed) — must stay TP
144110,c06_mtime_deploy,hotissue-hugo,pass,1,TP,audit_report_L109-133,2026-08-20T15:49:16.874160,c06 sample TP (undistributed) — must stay TP
144132,c06_mtime_deploy,pick-hugo,fail,1,TP,audit_report_L109-133,2026-08-20T15:49:18.129230,c06 sample TP (undistributed) — must stay TP
144153,c06_mtime_deploy,rank-hugo,fail,1,TP,audit_report_L109-133,2026-08-20T15:49:19.094159,c06 sample TP (undistributed) — must stay TP
144175,c06_mtime_deploy,tco-hugo,unknown,1,TP,audit_report_L109-133,2026-08-20T15:49:20.217100,c06 sample TP (undistributed) — must stay TP
144196,c06_mtime_deploy,appliance-hugo,fail,1,TP,audit_report_L109-133,2026-08-20T15:49:21.908445,c06 sample TP (undistributed) — must stay TP
144218,c06_mtime_deploy,baby-hugo,fail,1,TP,audit_report_L109-133,2026-08-20T15:49:23.345497,c06 sample TP (undistributed) — must stay TP
144240,c06_mtime_deploy,beauty-hugo,fail,1,TP,audit_report_L109-133,2026-08-20T15:49:25.506330,c06 sample TP (undistributed) — must stay TP
144262,c06_mtime_deploy,bike-hugo,pass,1,TP,audit_report_L109-133,2026-08-20T15:49:26.672286,c06 sample TP (undistributed) — must stay TP
144305,c06_mtime_deploy,car-hugo,pass,1,TP,audit_report_L109-133,2026-08-20T15:49:28.716948,c06 sample TP (undistributed) — must stay TP
144326,c06_mtime_deploy,fitness-hugo,fail,1,TP,audit_report_L109-133,2026-08-20T15:49:29.916818,c06 sample TP (undistributed) — must stay TP
144348,c06_mtime_deploy,golf-hugo,fail,1,TP,audit_report_L109-133,2026-08-20T15:49:30.898885,c06 sample TP (undistributed) — must stay TP
144369,c06_mtime_deploy,health-hugo,fail,1,TP,audit_report_L109-133,2026-08-20T15:49:32.163795,c06 sample TP (undistributed) — must stay TP
144391,c06_mtime_deploy,homeappliance-hugo,fail,1,TP,audit_report_L109-133,2026-08-20T15:49:32.956148,c06 sample TP (undistributed) — must stay TP
144412,c06_mtime_deploy,interior-hugo,fail,1,TP,audit_report_L109-133,2026-08-20T15:49:34.626708,c06 sample TP (undistributed) — must stay TP
144434,c06_mtime_deploy,kitchen-hugo,fail,1,TP,audit_report_L109-133,2026-08-20T15:49:36.208527,c06 sample TP (undistributed) — must stay TP
144456,c06_mtime_deploy,laptop-hugo,fail,1,TP,audit_report_L109-133,2026-08-20T15:49:37.394355,c06 sample TP (undistributed) — must stay TP
144478,c06_mtime_deploy,massage-hugo,pass,1,TP,audit_report_L109-133,2026-08-20T15:49:38.273149,c06 sample TP (undistributed) — must stay TP
144523,c06_mtime_deploy,adventure-hugo,pass,1,TP,audit_report_L109-133,2026-08-20T15:49:40.445686,c06 sample TP (undistributed) — must stay TP
144546,c06_mtime_deploy,airlines-hugo,fail,1,TP,audit_report_L109-133,2026-08-20T15:49:41.746360,c06 sample TP (undistributed) — must stay TP
144569,c06_mtime_deploy,airports-hugo,pass,1,TP,audit_report_L109-133,2026-08-20T15:49:42.771384,c06 sample TP (undistributed) — must stay TP
144592,c06_mtime_deploy,bus-hugo,pass,1,TP,audit_report_L109-133,2026-08-20T15:49:43.954117,c06 sample TP (undistributed) — must stay TP
144637,c06_mtime_deploy,cruise-hugo,fail,1,TP,audit_report_L109-133,2026-08-20T15:49:46.090726,c06 sample TP (undistributed) — must stay TP
144659,c06_mtime_deploy,culture-hugo,fail,1,TP,audit_report_L109-133,2026-08-20T15:49:47.632921,c06 sample TP (undistributed) — must stay TP
144681,c06_mtime_deploy,daytrips-hugo,fail,1,TP,audit_report_L109-133,2026-08-20T15:49:49.028470,c06 sample TP (undistributed) — must stay TP
144704,c06_mtime_deploy,deals-hugo,pass,1,TP,audit_report_L109-133,2026-08-20T15:49:50.026494,c06 sample TP (undistributed) — must stay TP
144727,c06_mtime_deploy,dining-hugo,pass,1,TP,audit_report_L109-133,2026-08-20T15:49:50.947187,c06 sample TP (undistributed) — must stay TP
144750,c06_mtime_deploy,escape-hugo,pass,1,TP,audit_report_L109-133,2026-08-20T15:49:51.907746,c06 sample TP (undistributed) — must stay TP
144772,c06_mtime_deploy,esim-hugo,fail,1,TP,audit_report_L109-133,2026-08-20T15:49:53.315401,c06 sample TP (undistributed) — must stay TP
144794,c06_mtime_deploy,eurail-hugo,fail,1,TP,audit_report_L109-133,2026-08-20T15:49:54.762093,c06 sample TP (undistributed) — must stay TP
144817,c06_mtime_deploy,extreme-hugo,pass,1,TP,audit_report_L109-133,2026-08-20T15:49:55.522912,c06 sample TP (undistributed) — must stay TP
144840,c06_mtime_deploy,ferry-hugo,pass,1,TP,audit_report_L109-133,2026-08-20T15:49:56.575621,c06 sample TP (undistributed) — must stay TP
144863,c06_mtime_deploy,flights-hugo,fail,1,TP,audit_report_L109-133,2026-08-20T15:49:57.704754,c06 sample TP (undistributed) — must stay TP
144886,c06_mtime_deploy,foodtour-hugo,fail,1,TP,audit_report_L109-133,2026-08-20T15:49:58.789892,c06 sample TP (undistributed) — must stay TP
144909,c06_mtime_deploy,ghost-hugo,pass,1,TP,audit_report_L109-133,2026-08-20T15:49:59.847342,c06 sample TP (undistributed) — must stay TP
144932,c06_mtime_deploy,hiking-hugo,pass,1,TP,audit_report_L109-133,2026-08-20T15:50:00.848625,c06 sample TP (undistributed) — must stay TP
144955,c06_mtime_deploy,layover-hugo,pass,1,TP,audit_report_L109-133,2026-08-20T15:50:01.839566,c06 sample TP (undistributed) — must stay TP
144978,c06_mtime_deploy,luxury-hugo,pass,1,TP,audit_report_L109-133,2026-08-20T15:50:02.775217,c06 sample TP (undistributed) — must stay TP
145000,c06_mtime_deploy,michelin-hugo,fail,1,FP,audit_report_L109-133,2026-08-20T15:50:04.077441,
145023,c06_mtime_deploy,multiday-hugo,fail,1,FP,audit_report_L109-133,2026-08-20T15:50:05.146232,
145046,c06_mtime_deploy,nature-hugo,fail,1,FP,audit_report_L109-133,2026-08-20T15:50:06.180481,
145069,c06_mtime_deploy,nightlife-hugo,pass,1,FP,audit_report_L109-133,2026-08-20T15:50:07.190097,
145091,c06_mtime_deploy,nomad-hugo,pass,1,FP,audit_report_L109-133,2026-08-20T15:50:08.187572,
145114,c06_mtime_deploy,phototour-hugo,pass,1,FP,audit_report_L109-133,2026-08-20T15:50:09.124346,
145136,c06_mtime_deploy,tour-hugo,fail,1,FP,audit_report_L109-133,2026-08-20T15:50:10.344015,
145159,c06_mtime_deploy,tours-hugo,fail,1,FP,audit_report_L109-133,2026-08-20T15:50:12.004219,
145182,c06_mtime_deploy,trains-hugo,fail,1,FP,audit_report_L109-133,2026-08-20T15:50:13.243897,
145205,c06_mtime_deploy,transfers-hugo,fail,1,FP,audit_report_L109-133,2026-08-20T15:50:14.184716,
145228,c06_mtime_deploy,visa-hugo,fail,1,UNKNOWN-FOLLOWUP,audit_report_L109-133,2026-08-20T15:50:15.207270,db row count exceeds audit classified count for this check_name
145250,c06_mtime_deploy,visafree-hugo,fail,1,UNKNOWN-FOLLOWUP,audit_report_L109-133,2026-08-20T15:50:16.243782,db row count exceeds audit classified count for this check_name
145273,c06_mtime_deploy,walking-hugo,fail,1,UNKNOWN-FOLLOWUP,audit_report_L109-133,2026-08-20T15:50:17.276864,db row count exceeds audit classified count for this check_name
145296,c06_mtime_deploy,watersports-hugo,fail,1,UNKNOWN-FOLLOWUP,audit_report_L109-133,2026-08-20T15:50:19.387072,db row count exceeds audit classified count for this check_name
145319,c06_mtime_deploy,watertours-hugo,pass,1,UNKNOWN-FOLLOWUP,audit_report_L109-133,2026-08-20T15:50:20.463131,db row count exceeds audit classified count for this check_name
145341,c06_mtime_deploy,biz-techpawz-hugo,pass,1,UNKNOWN-FOLLOWUP,audit_report_L109-133,2026-08-20T15:50:21.962862,db row count exceeds audit classified count for this check_name
145363,c06_mtime_deploy,informationhot-hugo,pass,1,UNKNOWN-FOLLOWUP,audit_report_L109-133,2026-08-20T15:50:23.617609,db row count exceeds audit classified count for this check_name
145385,c06_mtime_deploy,issue-techpawz-hugo,fail,1,UNKNOWN-FOLLOWUP,audit_report_L109-133,2026-08-20T15:50:25.464914,db row count exceeds audit classified count for this check_name
145407,c06_mtime_deploy,rotcha-blog,fail,1,UNKNOWN-FOLLOWUP,audit_report_L109-133,2026-08-20T15:50:29.149158,db row count exceeds audit classified count for this check_name
145429,c06_mtime_deploy,techpawz-hugo,fail,1,UNKNOWN-FOLLOWUP,audit_report_L109-133,2026-08-20T15:50:32.647198,db row count exceeds audit classified count for this check_name
145452,c06_mtime_deploy,tvshow-blogger,unknown,1,UNKNOWN-FOLLOWUP,audit_report_L109-133,2026-08-20T15:50:36.622777,db row count exceeds audit classified count for this check_name
145473,c06_mtime_deploy,ud-blogger,unknown,1,UNKNOWN-FOLLOWUP,audit_report_L109-133,2026-08-20T15:50:40.676858,db row count exceeds audit classified count for this check_name
145494,c06_mtime_deploy,rap-hugo,fail,1,UNKNOWN-FOLLOWUP,audit_report_L109-133,2026-08-20T15:50:43.197917,db row count exceeds audit classified count for this check_name
145516,c06_mtime_deploy,rap2-hugo,fail,1,UNKNOWN-FOLLOWUP,audit_report_L109-133,2026-08-20T15:50:45.024352,db row count exceeds audit classified count for this check_name
145538,c06_mtime_deploy,rap3-hugo,fail,1,UNKNOWN-FOLLOWUP,audit_report_L109-133,2026-08-20T15:50:46.702841,db row count exceeds audit classified count for this check_name
145560,c06_mtime_deploy,rap4-hugo,fail,1,UNKNOWN-FOLLOWUP,audit_report_L109-133,2026-08-20T15:50:48.608839,db row count exceeds audit classified count for this check_name
145582,c06_mtime_deploy,rap5-hugo,fail,1,UNKNOWN-FOLLOWUP,audit_report_L109-133,2026-08-20T15:50:50.271182,db row count exceeds audit classified count for this check_name
145604,c06_mtime_deploy,senior-blogger,unknown,1,UNKNOWN-FOLLOWUP,audit_report_L109-133,2026-08-20T15:50:53.389546,db row count exceeds audit classified count for this check_name
145625,c06_mtime_deploy,senior-hugo,fail,1,UNKNOWN-FOLLOWUP,audit_report_L109-133,2026-08-20T15:50:57.313611,db row count exceeds audit classified count for this check_name
145647,c06_mtime_deploy,dividend-hugo,fail,1,UNKNOWN-FOLLOWUP,audit_report_L109-133,2026-08-20T15:50:58.845252,db row count exceeds audit classified count for this check_name
145669,c06_mtime_deploy,etf-hugo,fail,1,UNKNOWN-FOLLOWUP,audit_report_L109-133,2026-08-20T15:51:00.187357,db row count exceeds audit classified count for this check_name
145691,c06_mtime_deploy,finance-hugo,fail,1,UNKNOWN-FOLLOWUP,audit_report_L109-133,2026-08-20T15:51:01.444128,db row count exceeds audit classified count for this check_name
145713,c06_mtime_deploy,ipo-hugo,fail,1,UNKNOWN-FOLLOWUP,audit_report_L109-133,2026-08-20T15:51:02.515761,db row count exceeds audit classified count for this check_name
145735,c06_mtime_deploy,sector-hugo,fail,1,UNKNOWN-FOLLOWUP,audit_report_L109-133,2026-08-20T15:51:03.573825,db row count exceeds audit classified count for this check_name
145757,c06_mtime_deploy,stock-hugo,pass,1,UNKNOWN-FOLLOWUP,audit_report_L109-133,2026-08-20T15:51:05.004778,db row count exceeds audit classified count for this check_name
145779,c06_mtime_deploy,tap-blogger,unknown,1,UNKNOWN-FOLLOWUP,audit_report_L109-133,2026-08-20T15:51:06.839210,db row count exceeds audit classified count for this check_name
145898,c06_mtime_deploy,travel4-hugo,pass,1,UNKNOWN-FOLLOWUP,audit_report_L109-133,2026-08-20T15:51:15.330451,db row count exceeds audit classified count for this check_name
145922,c06_mtime_deploy,travel-hugo,unknown,1,UNKNOWN-FOLLOWUP,audit_report_L109-133,2026-08-20T16:01:25.077874,db row count exceeds audit classified count for this check_name
145944,c06_mtime_deploy,pet-hugo,pass,1,UNKNOWN-FOLLOWUP,audit_report_L109-133,2026-08-20T16:02:13.905020,db row count exceeds audit classified count for this check_name
145968,c06_mtime_deploy,travel1-hugo,unknown,1,UNKNOWN-FOLLOWUP,audit_report_L109-133,2026-08-20T16:03:08.015688,db row count exceeds audit classified count for this check_name
145991,c06_mtime_deploy,travel2-hugo,pass,1,UNKNOWN-FOLLOWUP,audit_report_L109-133,2026-08-20T16:05:30.583521,db row count exceeds audit classified count for this check_name
146013,c06_mtime_deploy,citytours-hugo,pass,1,UNKNOWN-FOLLOWUP,audit_report_L109-133,2026-08-20T16:06:07.708879,db row count exceeds audit classified count for this check_name
146036,c06_mtime_deploy,travel3-hugo,pass,1,UNKNOWN-FOLLOWUP,audit_report_L109-133,2026-08-20T16:07:28.696262,db row count exceeds audit classified count for this check_name
146057,c06_mtime_deploy,camping-hugo,unknown,1,UNKNOWN-FOLLOWUP,audit_report_L109-133,2026-08-20T16:11:13.026415,db row count exceeds audit classified count for this check_name
144020,c01_curve_quote,compare-hugo,unknown,1,FP,audit_report_L109-133,2026-08-20T15:49:11.525771,
144041,c01_curve_quote,deal-hugo,pass,1,FP,audit_report_L109-133,2026-08-20T15:49:12.945221,
144063,c01_curve_quote,ev-hugo,pass,1,FP,audit_report_L109-133,2026-08-20T15:49:14.188521,
144084,c01_curve_quote,guide-hugo,unknown,1,FP,audit_report_L109-133,2026-08-20T15:49:15.181747,
144105,c01_curve_quote,hotissue-hugo,fail,4,FP,audit_report_L109-133,2026-08-20T15:49:16.654719,
144127,c01_curve_quote,pick-hugo,pass,1,FP,audit_report_L109-133,2026-08-20T15:49:18.067297,
144148,c01_curve_quote,rank-hugo,pass,1,FP,audit_report_L109-133,2026-08-20T15:49:19.039419,
144170,c01_curve_quote,tco-hugo,unknown,1,FP,audit_report_L109-133,2026-08-20T15:49:20.119506,
144191,c01_curve_quote,appliance-hugo,fail,2,FP,audit_report_L109-133,2026-08-20T15:49:21.559083,
144213,c01_curve_quote,baby-hugo,fail,4,FP,audit_report_L109-133,2026-08-20T15:49:23.040160,
144235,c01_curve_quote,beauty-hugo,fail,7,FP,audit_report_L109-133,2026-08-20T15:49:25.252288,
144257,c01_curve_quote,bike-hugo,pass,1,FP,audit_report_L109-133,2026-08-20T15:49:26.657889,
144300,c01_curve_quote,car-hugo,pass,1,FP,audit_report_L109-133,2026-08-20T15:49:28.697121,
144321,c01_curve_quote,fitness-hugo,fail,7,FP,audit_report_L109-133,2026-08-20T15:49:29.572585,
144343,c01_curve_quote,golf-hugo,pass,1,FP,audit_report_L109-133,2026-08-20T15:49:30.881554,
144364,c01_curve_quote,health-hugo,fail,12,FP,audit_report_L109-133,2026-08-20T15:49:31.939383,
144386,c01_curve_quote,homeappliance-hugo,pass,1,FP,audit_report_L109-133,2026-08-20T15:49:32.937578,
144407,c01_curve_quote,interior-hugo,pass,1,FP,audit_report_L109-133,2026-08-20T15:49:34.228534,
144429,c01_curve_quote,kitchen-hugo,fail,4,FP,audit_report_L109-133,2026-08-20T15:49:35.980574,
144451,c01_curve_quote,laptop-hugo,fail,4,FP,audit_report_L109-133,2026-08-20T15:49:37.084915,
144473,c01_curve_quote,massage-hugo,pass,1,FP,audit_report_L109-133,2026-08-20T15:49:38.250687,
144518,c01_curve_quote,adventure-hugo,fail,2,FP,audit_report_L109-133,2026-08-20T15:49:40.333454,
144541,c01_curve_quote,airlines-hugo,fail,18,FP,audit_report_L109-133,2026-08-20T15:49:41.663156,
144564,c01_curve_quote,airports-hugo,pass,1,FP,audit_report_L109-133,2026-08-20T15:49:42.656143,
144587,c01_curve_quote,bus-hugo,fail,1,FP,audit_report_L109-133,2026-08-20T15:49:43.839331,
144632,c01_curve_quote,cruise-hugo,fail,7,FP,audit_report_L109-133,2026-08-20T15:49:46.001346,
144654,c01_curve_quote,culture-hugo,fail,14,FP,audit_report_L109-133,2026-08-20T15:49:47.520488,
144676,c01_curve_quote,daytrips-hugo,fail,18,FP,audit_report_L109-133,2026-08-20T15:49:48.901281,
144699,c01_curve_quote,deals-hugo,fail,7,FP,audit_report_L109-133,2026-08-20T15:49:49.951840,
144722,c01_curve_quote,dining-hugo,fail,22,FP,audit_report_L109-133,2026-08-20T15:49:50.855774,
144745,c01_curve_quote,escape-hugo,fail,6,FP,audit_report_L109-133,2026-08-20T15:49:51.816693,
144767,c01_curve_quote,esim-hugo,fail,20,FP,audit_report_L109-133,2026-08-20T15:49:53.078330,
144789,c01_curve_quote,eurail-hugo,pass,1,FP,audit_report_L109-133,2026-08-20T15:49:54.662130,
144812,c01_curve_quote,extreme-hugo,fail,3,FP,audit_report_L109-133,2026-08-20T15:49:55.426625,
144835,c01_curve_quote,ferry-hugo,fail,6,FP,audit_report_L109-133,2026-08-20T15:49:56.462934,
144858,c01_curve_quote,flights-hugo,fail,17,FP,audit_report_L109-133,2026-08-20T15:49:57.538081,
144881,c01_curve_quote,foodtour-hugo,fail,4,FP,audit_report_L109-133,2026-08-20T15:49:58.674853,
144904,c01_curve_quote,ghost-hugo,pass,1,FP,audit_report_L109-133,2026-08-20T15:49:59.762954,
144927,c01_curve_quote,hiking-hugo,fail,1,FP,audit_report_L109-133,2026-08-20T15:50:00.767034,
144950,c01_curve_quote,layover-hugo,fail,1,FP,audit_report_L109-133,2026-08-20T15:50:01.751555,
144973,c01_curve_quote,luxury-hugo,fail,1,FP,audit_report_L109-133,2026-08-20T15:50:02.684083,
144995,c01_curve_quote,michelin-hugo,fail,25,FP,audit_report_L109-133,2026-08-20T15:50:03.866563,
145018,c01_curve_quote,multiday-hugo,fail,9,FP,audit_report_L109-133,2026-08-20T15:50:05.028358,
145041,c01_curve_quote,nature-hugo,fail,3,FP,audit_report_L109-133,2026-08-20T15:50:06.092500,
145064,c01_curve_quote,nightlife-hugo,pass,1,FP,audit_report_L109-133,2026-08-20T15:50:07.089575,
145086,c01_curve_quote,nomad-hugo,fail,1,FP,audit_report_L109-133,2026-08-20T15:50:08.129699,
145109,c01_curve_quote,phototour-hugo,fail,8,FP,audit_report_L109-133,2026-08-20T15:50:09.035040,
145131,c01_curve_quote,tour-hugo,fail,3,UNKNOWN-FOLLOWUP,audit_report_L109-133,2026-08-20T15:50:10.128892,db row count exceeds audit classified count for this check_name
145154,c01_curve_quote,tours-hugo,fail,3,UNKNOWN-FOLLOWUP,audit_report_L109-133,2026-08-20T15:50:11.874624,db row count exceeds audit classified count for this check_name
145177,c01_curve_quote,trains-hugo,pass,1,UNKNOWN-FOLLOWUP,audit_report_L109-133,2026-08-20T15:50:13.147301,db row count exceeds audit classified count for this check_name
145200,c01_curve_quote,transfers-hugo,fail,11,UNKNOWN-FOLLOWUP,audit_report_L109-133,2026-08-20T15:50:14.067812,db row count exceeds audit classified count for this check_name
145223,c01_curve_quote,visa-hugo,fail,14,UNKNOWN-FOLLOWUP,audit_report_L109-133,2026-08-20T15:50:15.052234,db row count exceeds audit classified count for this check_name
145245,c01_curve_quote,visafree-hugo,pass,1,UNKNOWN-FOLLOWUP,audit_report_L109-133,2026-08-20T15:50:16.129110,db row count exceeds audit classified count for this check_name
145268,c01_curve_quote,walking-hugo,fail,14,UNKNOWN-FOLLOWUP,audit_report_L109-133,2026-08-20T15:50:17.176557,db row count exceeds audit classified count for this check_name
145291,c01_curve_quote,watersports-hugo,fail,2,UNKNOWN-FOLLOWUP,audit_report_L109-133,2026-08-20T15:50:19.255563,db row count exceeds audit classified count for this check_name
145314,c01_curve_quote,watertours-hugo,pass,1,UNKNOWN-FOLLOWUP,audit_report_L109-133,2026-08-20T15:50:20.361592,db row count exceeds audit classified count for this check_name
145336,c01_curve_quote,biz-techpawz-hugo,fail,47,UNKNOWN-FOLLOWUP,audit_report_L109-133,2026-08-20T15:50:21.647840,db row count exceeds audit classified count for this check_name
145358,c01_curve_quote,informationhot-hugo,pass,1,UNKNOWN-FOLLOWUP,audit_report_L109-133,2026-08-20T15:50:23.431894,db row count exceeds audit classified count for this check_name
145380,c01_curve_quote,issue-techpawz-hugo,fail,1,UNKNOWN-FOLLOWUP,audit_report_L109-133,2026-08-20T15:50:25.336799,db row count exceeds audit classified count for this check_name
145402,c01_curve_quote,rotcha-blog,fail,3,UNKNOWN-FOLLOWUP,audit_report_L109-133,2026-08-20T15:50:28.685698,db row count exceeds audit classified count for this check_name
145424,c01_curve_quote,techpawz-hugo,fail,124,UNKNOWN-FOLLOWUP,audit_report_L109-133,2026-08-20T15:50:32.022068,db row count exceeds audit classified count for this check_name
145447,c01_curve_quote,tvshow-blogger,unknown,1,UNKNOWN-FOLLOWUP,audit_report_L109-133,2026-08-20T15:50:36.620199,db row count exceeds audit classified count for this check_name
145468,c01_curve_quote,ud-blogger,unknown,1,UNKNOWN-FOLLOWUP,audit_report_L109-133,2026-08-20T15:50:40.674663,db row count exceeds audit classified count for this check_name
145489,c01_curve_quote,rap-hugo,pass,1,UNKNOWN-FOLLOWUP,audit_report_L109-133,2026-08-20T15:50:42.993515,db row count exceeds audit classified count for this check_name
145511,c01_curve_quote,rap2-hugo,pass,1,UNKNOWN-FOLLOWUP,audit_report_L109-133,2026-08-20T15:50:44.854574,db row count exceeds audit classified count for this check_name
145533,c01_curve_quote,rap3-hugo,pass,1,UNKNOWN-FOLLOWUP,audit_report_L109-133,2026-08-20T15:50:46.516858,db row count exceeds audit classified count for this check_name
145555,c01_curve_quote,rap4-hugo,pass,1,UNKNOWN-FOLLOWUP,audit_report_L109-133,2026-08-20T15:50:48.424716,db row count exceeds audit classified count for this check_name
145577,c01_curve_quote,rap5-hugo,pass,1,UNKNOWN-FOLLOWUP,audit_report_L109-133,2026-08-20T15:50:50.062011,db row count exceeds audit classified count for this check_name
145599,c01_curve_quote,senior-blogger,unknown,1,UNKNOWN-FOLLOWUP,audit_report_L109-133,2026-08-20T15:50:53.386402,db row count exceeds audit classified count for this check_name
145620,c01_curve_quote,senior-hugo,pass,1,UNKNOWN-FOLLOWUP,audit_report_L109-133,2026-08-20T15:50:57.131891,db row count exceeds audit classified count for this check_name
145642,c01_curve_quote,dividend-hugo,pass,1,UNKNOWN-FOLLOWUP,audit_report_L109-133,2026-08-20T15:50:58.665743,db row count exceeds audit classified count for this check_name
145664,c01_curve_quote,etf-hugo,pass,1,UNKNOWN-FOLLOWUP,audit_report_L109-133,2026-08-20T15:51:00.089511,db row count exceeds audit classified count for this check_name
145686,c01_curve_quote,finance-hugo,fail,1,UNKNOWN-FOLLOWUP,audit_report_L109-133,2026-08-20T15:51:01.283656,db row count exceeds audit classified count for this check_name
145708,c01_curve_quote,ipo-hugo,pass,1,UNKNOWN-FOLLOWUP,audit_report_L109-133,2026-08-20T15:51:02.452979,db row count exceeds audit classified count for this check_name
145730,c01_curve_quote,sector-hugo,pass,1,UNKNOWN-FOLLOWUP,audit_report_L109-133,2026-08-20T15:51:03.474028,db row count exceeds audit classified count for this check_name
145752,c01_curve_quote,stock-hugo,fail,1,UNKNOWN-FOLLOWUP,audit_report_L109-133,2026-08-20T15:51:04.769797,db row count exceeds audit classified count for this check_name
145774,c01_curve_quote,tap-blogger,unknown,1,UNKNOWN-FOLLOWUP,audit_report_L109-133,2026-08-20T15:51:06.835948,db row count exceeds audit classified count for this check_name
145893,c01_curve_quote,travel4-hugo,fail,1,UNKNOWN-FOLLOWUP,audit_report_L109-133,2026-08-20T15:51:15.149246,db row count exceeds audit classified count for this check_name
145917,c01_curve_quote,travel-hugo,pass,1,UNKNOWN-FOLLOWUP,audit_report_L109-133,2026-08-20T16:01:24.213347,db row count exceeds audit classified count for this check_name
145939,c01_curve_quote,pet-hugo,pass,1,UNKNOWN-FOLLOWUP,audit_report_L109-133,2026-08-20T16:02:12.085890,db row count exceeds audit classified count for this check_name
145963,c01_curve_quote,travel1-hugo,pass,1,UNKNOWN-FOLLOWUP,audit_report_L109-133,2026-08-20T16:03:06.805651,db row count exceeds audit classified count for this check_name
145986,c01_curve_quote,travel2-hugo,pass,1,UNKNOWN-FOLLOWUP,audit_report_L109-133,2026-08-20T16:05:29.646919,db row count exceeds audit classified count for this check_name
146008,c01_curve_quote,citytours-hugo,pass,1,UNKNOWN-FOLLOWUP,audit_report_L109-133,2026-08-20T16:06:06.170003,db row count exceeds audit classified count for this check_name
146031,c01_curve_quote,travel3-hugo,pass,1,UNKNOWN-FOLLOWUP,audit_report_L109-133,2026-08-20T16:07:27.330061,db row count exceeds audit classified count for this check_name
146052,c01_curve_quote,camping-hugo,pass,1,UNKNOWN-FOLLOWUP,audit_report_L109-133,2026-08-20T16:11:11.270765,db row count exceeds audit classified count for this check_name
144030,content_quality,compare-hugo,fail,1,TP,audit_report_L109-133,2026-08-20T15:49:12.145077,
144051,content_quality,deal-hugo,fail,1,TP,audit_report_L109-133,2026-08-20T15:49:13.354732,
144073,content_quality,ev-hugo,unknown,1,TP,audit_report_L109-133,2026-08-20T15:49:14.509568,
144094,content_quality,guide-hugo,fail,1,TP,audit_report_L109-133,2026-08-20T15:49:15.592031,
144115,content_quality,hotissue-hugo,fail,1,TP,audit_report_L109-133,2026-08-20T15:49:17.344923,
144137,content_quality,pick-hugo,fail,1,TP,audit_report_L109-133,2026-08-20T15:49:18.405097,
144158,content_quality,rank-hugo,fail,1,TP,audit_report_L109-133,2026-08-20T15:49:19.409038,
144180,content_quality,tco-hugo,pass,1,TP,audit_report_L109-133,2026-08-20T15:49:20.534705,
144201,content_quality,appliance-hugo,pass,1,TP,audit_report_L109-133,2026-08-20T15:49:22.353771,
144223,content_quality,baby-hugo,pass,1,FP,audit_report_L109-133,2026-08-20T15:49:23.732860,
144245,content_quality,beauty-hugo,pass,1,FP,audit_report_L109-133,2026-08-20T15:49:26.029455,
144267,content_quality,bike-hugo,pass,1,FP,audit_report_L109-133,2026-08-20T15:49:26.862061,
144310,content_quality,car-hugo,pass,1,FP,audit_report_L109-133,2026-08-20T15:49:28.903200,
144331,content_quality,fitness-hugo,pass,1,FP,audit_report_L109-133,2026-08-20T15:49:30.369106,
144353,content_quality,golf-hugo,pass,1,FP,audit_report_L109-133,2026-08-20T15:49:31.084717,
144374,content_quality,health-hugo,pass,1,FP,audit_report_L109-133,2026-08-20T15:49:32.496331,
144396,content_quality,homeappliance-hugo,pass,1,FP,audit_report_L109-133,2026-08-20T15:49:33.172915,
144417,content_quality,interior-hugo,pass,1,FP,audit_report_L109-133,2026-08-20T15:49:35.082035,
144439,content_quality,kitchen-hugo,pass,1,FP,audit_report_L109-133,2026-08-20T15:49:36.522250,
144461,content_quality,laptop-hugo,pass,1,FP,audit_report_L109-133,2026-08-20T15:49:37.748788,
144483,content_quality,massage-hugo,pass,1,FP,audit_report_L109-133,2026-08-20T15:49:38.480437,
144528,content_quality,adventure-hugo,pass,1,FP,audit_report_L109-133,2026-08-20T15:49:41.085830,
144551,content_quality,airlines-hugo,pass,1,FP,audit_report_L109-133,2026-08-20T15:49:41.999644,
144574,content_quality,airports-hugo,pass,1,UNKNOWN-FOLLOWUP,audit_report_L109-133,2026-08-20T15:49:43.131691,db row count exceeds audit classified count for this check_name
144597,content_quality,bus-hugo,pass,1,UNKNOWN-FOLLOWUP,audit_report_L109-133,2026-08-20T15:49:44.372598,db row count exceeds audit classified count for this check_name
144642,content_quality,cruise-hugo,pass,1,UNKNOWN-FOLLOWUP,audit_report_L109-133,2026-08-20T15:49:46.411646,db row count exceeds audit classified count for this check_name
144664,content_quality,culture-hugo,pass,1,UNKNOWN-FOLLOWUP,audit_report_L109-133,2026-08-20T15:49:48.134337,db row count exceeds audit classified count for this check_name
144686,content_quality,daytrips-hugo,pass,1,UNKNOWN-FOLLOWUP,audit_report_L109-133,2026-08-20T15:49:49.342296,db row count exceeds audit classified count for this check_name
144709,content_quality,deals-hugo,unknown,1,UNKNOWN-FOLLOWUP,audit_report_L109-133,2026-08-20T15:49:50.185211,db row count exceeds audit classified count for this check_name
144732,content_quality,dining-hugo,pass,1,UNKNOWN-FOLLOWUP,audit_report_L109-133,2026-08-20T15:49:51.233777,db row count exceeds audit classified count for this check_name
144755,content_quality,escape-hugo,unknown,1,UNKNOWN-FOLLOWUP,audit_report_L109-133,2026-08-20T15:49:52.091529,db row count exceeds audit classified count for this check_name
144777,content_quality,esim-hugo,pass,1,UNKNOWN-FOLLOWUP,audit_report_L109-133,2026-08-20T15:49:53.654714,db row count exceeds audit classified count for this check_name
144799,content_quality,eurail-hugo,unknown,1,UNKNOWN-FOLLOWUP,audit_report_L109-133,2026-08-20T15:49:54.942161,db row count exceeds audit classified count for this check_name
144822,content_quality,extreme-hugo,pass,1,UNKNOWN-FOLLOWUP,audit_report_L109-133,2026-08-20T15:49:55.831646,db row count exceeds audit classified count for this check_name
144845,content_quality,ferry-hugo,pass,1,UNKNOWN-FOLLOWUP,audit_report_L109-133,2026-08-20T15:49:56.868908,db row count exceeds audit classified count for this check_name
144868,content_quality,flights-hugo,pass,1,UNKNOWN-FOLLOWUP,audit_report_L109-133,2026-08-20T15:49:58.071280,db row count exceeds audit classified count for this check_name
144891,content_quality,foodtour-hugo,pass,1,UNKNOWN-FOLLOWUP,audit_report_L109-133,2026-08-20T15:49:59.114848,db row count exceeds audit classified count for this check_name
144914,content_quality,ghost-hugo,pass,1,UNKNOWN-FOLLOWUP,audit_report_L109-133,2026-08-20T15:50:00.134288,db row count exceeds audit classified count for this check_name
144937,content_quality,hiking-hugo,pass,1,UNKNOWN-FOLLOWUP,audit_report_L109-133,2026-08-20T15:50:01.121541,db row count exceeds audit classified count for this check_name
144960,content_quality,layover-hugo,pass,1,UNKNOWN-FOLLOWUP,audit_report_L109-133,2026-08-20T15:50:02.140036,db row count exceeds audit classified count for this check_name
144983,content_quality,luxury-hugo,pass,1,UNKNOWN-FOLLOWUP,audit_report_L109-133,2026-08-20T15:50:03.211847,db row count exceeds audit classified count for this check_name
145005,content_quality,michelin-hugo,pass,1,UNKNOWN-FOLLOWUP,audit_report_L109-133,2026-08-20T15:50:04.446464,db row count exceeds audit classified count for this check_name
145028,content_quality,multiday-hugo,pass,1,UNKNOWN-FOLLOWUP,audit_report_L109-133,2026-08-20T15:50:05.466798,db row count exceeds audit classified count for this check_name
145051,content_quality,nature-hugo,pass,1,UNKNOWN-FOLLOWUP,audit_report_L109-133,2026-08-20T15:50:06.442933,db row count exceeds audit classified count for this check_name
145074,content_quality,nightlife-hugo,pass,1,UNKNOWN-FOLLOWUP,audit_report_L109-133,2026-08-20T15:50:07.549450,db row count exceeds audit classified count for this check_name
145096,content_quality,nomad-hugo,unknown,1,UNKNOWN-FOLLOWUP,audit_report_L109-133,2026-08-20T15:50:08.323726,db row count exceeds audit classified count for this check_name
145119,content_quality,phototour-hugo,pass,1,UNKNOWN-FOLLOWUP,audit_report_L109-133,2026-08-20T15:50:09.407692,db row count exceeds audit classified count for this check_name
145141,content_quality,tour-hugo,pass,1,UNKNOWN-FOLLOWUP,audit_report_L109-133,2026-08-20T15:50:10.672015,db row count exceeds audit classified count for this check_name
145164,content_quality,tours-hugo,pass,1,UNKNOWN-FOLLOWUP,audit_report_L109-133,2026-08-20T15:50:12.323915,db row count exceeds audit classified count for this check_name
145187,content_quality,trains-hugo,pass,1,UNKNOWN-FOLLOWUP,audit_report_L109-133,2026-08-20T15:50:13.525029,db row count exceeds audit classified count for this check_name
145210,content_quality,transfers-hugo,pass,1,UNKNOWN-FOLLOWUP,audit_report_L109-133,2026-08-20T15:50:14.477007,db row count exceeds audit classified count for this check_name
145233,content_quality,visa-hugo,pass,1,UNKNOWN-FOLLOWUP,audit_report_L109-133,2026-08-20T15:50:15.509186,db row count exceeds audit classified count for this check_name
145255,content_quality,visafree-hugo,pass,1,UNKNOWN-FOLLOWUP,audit_report_L109-133,2026-08-20T15:50:16.536988,db row count exceeds audit classified count for this check_name
145278,content_quality,walking-hugo,pass,1,UNKNOWN-FOLLOWUP,audit_report_L109-133,2026-08-20T15:50:17.582166,db row count exceeds audit classified count for this check_name
145301,content_quality,watersports-hugo,pass,1,UNKNOWN-FOLLOWUP,audit_report_L109-133,2026-08-20T15:50:19.737287,db row count exceeds audit classified count for this check_name
145324,content_quality,watertours-hugo,pass,1,UNKNOWN-FOLLOWUP,audit_report_L109-133,2026-08-20T15:50:20.881577,db row count exceeds audit classified count for this check_name
145346,content_quality,biz-techpawz-hugo,fail,1,UNKNOWN-FOLLOWUP,audit_report_L109-133,2026-08-20T15:50:22.552684,db row count exceeds audit classified count for this check_name
145368,content_quality,informationhot-hugo,fail,1,UNKNOWN-FOLLOWUP,audit_report_L109-133,2026-08-20T15:50:24.038769,db row count exceeds audit classified count for this check_name
145390,content_quality,issue-techpawz-hugo,fail,1,UNKNOWN-FOLLOWUP,audit_report_L109-133,2026-08-20T15:50:26.665887,db row count exceeds audit classified count for this check_name
145412,content_quality,rotcha-blog,fail,1,UNKNOWN-FOLLOWUP,audit_report_L109-133,2026-08-20T15:50:30.413636,db row count exceeds audit classified count for this check_name
145434,content_quality,techpawz-hugo,fail,1,UNKNOWN-FOLLOWUP,audit_report_L109-133,2026-08-20T15:50:34.466750,db row count exceeds audit classified count for this check_name
145457,content_quality,tvshow-blogger,unknown,1,UNKNOWN-FOLLOWUP,audit_report_L109-133,2026-08-20T15:50:37.410181,db row count exceeds audit classified count for this check_name
145478,content_quality,ud-blogger,unknown,1,UNKNOWN-FOLLOWUP,audit_report_L109-133,2026-08-20T15:50:41.439254,db row count exceeds audit classified count for this check_name
145499,content_quality,rap-hugo,pass,1,UNKNOWN-FOLLOWUP,audit_report_L109-133,2026-08-20T15:50:43.572724,db row count exceeds audit classified count for this check_name
145521,content_quality,rap2-hugo,pass,1,UNKNOWN-FOLLOWUP,audit_report_L109-133,2026-08-20T15:50:45.670840,db row count exceeds audit classified count for this check_name
145543,content_quality,rap3-hugo,pass,1,UNKNOWN-FOLLOWUP,audit_report_L109-133,2026-08-20T15:50:47.080402,db row count exceeds audit classified count for this check_name
145565,content_quality,rap4-hugo,fail,1,UNKNOWN-FOLLOWUP,audit_report_L109-133,2026-08-20T15:50:49.106281,db row count exceeds audit classified count for this check_name
145587,content_quality,rap5-hugo,pass,1,UNKNOWN-FOLLOWUP,audit_report_L109-133,2026-08-20T15:50:50.861608,db row count exceeds audit classified count for this check_name
145609,content_quality,senior-blogger,unknown,1,UNKNOWN-FOLLOWUP,audit_report_L109-133,2026-08-20T15:50:54.600609,db row count exceeds audit classified count for this check_name
145630,content_quality,senior-hugo,fail,1,UNKNOWN-FOLLOWUP,audit_report_L109-133,2026-08-20T15:50:57.849054,db row count exceeds audit classified count for this check_name
145652,content_quality,dividend-hugo,fail,1,UNKNOWN-FOLLOWUP,audit_report_L109-133,2026-08-20T15:50:59.387834,db row count exceeds audit classified count for this check_name
145674,content_quality,etf-hugo,fail,1,UNKNOWN-FOLLOWUP,audit_report_L109-133,2026-08-20T15:51:00.579651,db row count exceeds audit classified count for this check_name
145696,content_quality,finance-hugo,fail,1,UNKNOWN-FOLLOWUP,audit_report_L109-133,2026-08-20T15:51:01.772988,db row count exceeds audit classified count for this check_name
145718,content_quality,ipo-hugo,fail,1,UNKNOWN-FOLLOWUP,audit_report_L109-133,2026-08-20T15:51:02.802661,db row count exceeds audit classified count for this check_name
145740,content_quality,sector-hugo,fail,1,UNKNOWN-FOLLOWUP,audit_report_L109-133,2026-08-20T15:51:03.921196,db row count exceeds audit classified count for this check_name
145762,content_quality,stock-hugo,fail,1,UNKNOWN-FOLLOWUP,audit_report_L109-133,2026-08-20T15:51:05.396211,db row count exceeds audit classified count for this check_name
145784,content_quality,tap-blogger,unknown,1,UNKNOWN-FOLLOWUP,audit_report_L109-133,2026-08-20T15:51:07.625090,db row count exceeds audit classified count for this check_name
145903,content_quality,travel4-hugo,fail,1,UNKNOWN-FOLLOWUP,audit_report_L109-133,2026-08-20T15:51:15.655349,db row count exceeds audit classified count for this check_name
145927,content_quality,travel-hugo,fail,1,UNKNOWN-FOLLOWUP,audit_report_L109-133,2026-08-20T16:01:25.530947,db row count exceeds audit classified count for this check_name
145949,content_quality,pet-hugo,pass,1,UNKNOWN-FOLLOWUP,audit_report_L109-133,2026-08-20T16:02:14.509476,db row count exceeds audit classified count for this check_name
145973,content_quality,travel1-hugo,fail,1,UNKNOWN-FOLLOWUP,audit_report_L109-133,2026-08-20T16:03:08.609547,db row count exceeds audit classified count for this check_name
145996,content_quality,travel2-hugo,fail,1,UNKNOWN-FOLLOWUP,audit_report_L109-133,2026-08-20T16:05:31.211818,db row count exceeds audit classified count for this check_name
146018,content_quality,citytours-hugo,pass,1,UNKNOWN-FOLLOWUP,audit_report_L109-133,2026-08-20T16:06:08.101833,db row count exceeds audit classified count for this check_name
146041,content_quality,travel3-hugo,fail,1,UNKNOWN-FOLLOWUP,audit_report_L109-133,2026-08-20T16:07:29.275480,db row count exceeds audit classified count for this check_name
146062,content_quality,camping-hugo,pass,1,UNKNOWN-FOLLOWUP,audit_report_L109-133,2026-08-20T16:11:13.519921,db row count exceeds audit classified count for this check_name
144023,c04_prompt_leak,compare-hugo,unknown,1,TP,audit_report_L109-133,2026-08-20T15:49:11.645729,
144044,c04_prompt_leak,deal-hugo,pass,1,TP,audit_report_L109-133,2026-08-20T15:49:12.997814,
144066,c04_prompt_leak,ev-hugo,pass,1,TP,audit_report_L109-133,2026-08-20T15:49:14.252219,
144087,c04_prompt_leak,guide-hugo,unknown,1,FP,audit_report_L109-133,2026-08-20T15:49:15.238191,
144108,c04_prompt_leak,hotissue-hugo,pass,1,UNKNOWN-FOLLOWUP,audit_report_L109-133,2026-08-20T15:49:16.791635,db row count exceeds audit classified count for this check_name
144130,c04_prompt_leak,pick-hugo,pass,1,UNKNOWN-FOLLOWUP,audit_report_L109-133,2026-08-20T15:49:18.112130,db row count exceeds audit classified count for this check_name
144151,c04_prompt_leak,rank-hugo,pass,1,UNKNOWN-FOLLOWUP,audit_report_L109-133,2026-08-20T15:49:19.076981,db row count exceeds audit classified count for this check_name
144173,c04_prompt_leak,tco-hugo,unknown,1,UNKNOWN-FOLLOWUP,audit_report_L109-133,2026-08-20T15:49:20.183182,db row count exceeds audit classified count for this check_name
144194,c04_prompt_leak,appliance-hugo,pass,1,UNKNOWN-FOLLOWUP,audit_report_L109-133,2026-08-20T15:49:21.826049,db row count exceeds audit classified count for this check_name
144216,c04_prompt_leak,baby-hugo,pass,1,UNKNOWN-FOLLOWUP,audit_report_L109-133,2026-08-20T15:49:23.277397,db row count exceeds audit classified count for this check_name
144238,c04_prompt_leak,beauty-hugo,fail,1,UNKNOWN-FOLLOWUP,audit_report_L109-133,2026-08-20T15:49:25.451860,db row count exceeds audit classified count for this check_name
144260,c04_prompt_leak,bike-hugo,pass,1,UNKNOWN-FOLLOWUP,audit_report_L109-133,2026-08-20T15:49:26.667664,db row count exceeds audit classified count for this check_name
144303,c04_prompt_leak,car-hugo,pass,1,UNKNOWN-FOLLOWUP,audit_report_L109-133,2026-08-20T15:49:28.713914,db row count exceeds audit classified count for this check_name
144324,c04_prompt_leak,fitness-hugo,pass,1,UNKNOWN-FOLLOWUP,audit_report_L109-133,2026-08-20T15:49:29.845646,db row count exceeds audit classified count for this check_name
144346,c04_prompt_leak,golf-hugo,pass,1,UNKNOWN-FOLLOWUP,audit_report_L109-133,2026-08-20T15:49:30.894616,db row count exceeds audit classified count for this check_name
144367,c04_prompt_leak,health-hugo,fail,1,UNKNOWN-FOLLOWUP,audit_report_L109-133,2026-08-20T15:49:32.116474,db row count exceeds audit classified count for this check_name
144389,c04_prompt_leak,homeappliance-hugo,pass,1,UNKNOWN-FOLLOWUP,audit_report_L109-133,2026-08-20T15:49:32.951775,db row count exceeds audit classified count for this check_name
144410,c04_prompt_leak,interior-hugo,pass,1,UNKNOWN-FOLLOWUP,audit_report_L109-133,2026-08-20T15:49:34.538373,db row count exceeds audit classified count for this check_name
144432,c04_prompt_leak,kitchen-hugo,pass,1,UNKNOWN-FOLLOWUP,audit_report_L109-133,2026-08-20T15:49:36.161027,db row count exceeds audit classified count for this check_name
144454,c04_prompt_leak,laptop-hugo,pass,1,UNKNOWN-FOLLOWUP,audit_report_L109-133,2026-08-20T15:49:37.249798,db row count exceeds audit classified count for this check_name
144476,c04_prompt_leak,massage-hugo,pass,1,UNKNOWN-FOLLOWUP,audit_report_L109-133,2026-08-20T15:49:38.267819,db row count exceeds audit classified count for this check_name
144521,c04_prompt_leak,adventure-hugo,pass,1,UNKNOWN-FOLLOWUP,audit_report_L109-133,2026-08-20T15:49:40.429080,db row count exceeds audit classified count for this check_name
144544,c04_prompt_leak,airlines-hugo,pass,1,UNKNOWN-FOLLOWUP,audit_report_L109-133,2026-08-20T15:49:41.734244,db row count exceeds audit classified count for this check_name
144567,c04_prompt_leak,airports-hugo,pass,1,UNKNOWN-FOLLOWUP,audit_report_L109-133,2026-08-20T15:49:42.751560,db row count exceeds audit classified count for this check_name
144590,c04_prompt_leak,bus-hugo,pass,1,UNKNOWN-FOLLOWUP,audit_report_L109-133,2026-08-20T15:49:43.936218,db row count exceeds audit classified count for this check_name
144635,c04_prompt_leak,cruise-hugo,pass,1,UNKNOWN-FOLLOWUP,audit_report_L109-133,2026-08-20T15:49:46.078216,db row count exceeds audit classified count for this check_name
144657,c04_prompt_leak,culture-hugo,pass,1,UNKNOWN-FOLLOWUP,audit_report_L109-133,2026-08-20T15:49:47.614820,db row count exceeds audit classified count for this check_name
144679,c04_prompt_leak,daytrips-hugo,pass,1,UNKNOWN-FOLLOWUP,audit_report_L109-133,2026-08-20T15:49:49.008217,db row count exceeds audit classified count for this check_name
144702,c04_prompt_leak,deals-hugo,pass,1,UNKNOWN-FOLLOWUP,audit_report_L109-133,2026-08-20T15:49:50.014500,db row count exceeds audit classified count for this check_name
144725,c04_prompt_leak,dining-hugo,pass,1,UNKNOWN-FOLLOWUP,audit_report_L109-133,2026-08-20T15:49:50.932609,db row count exceeds audit classified count for this check_name
144748,c04_prompt_leak,escape-hugo,fail,1,UNKNOWN-FOLLOWUP,audit_report_L109-133,2026-08-20T15:49:51.895197,db row count exceeds audit classified count for this check_name
144770,c04_prompt_leak,esim-hugo,pass,1,UNKNOWN-FOLLOWUP,audit_report_L109-133,2026-08-20T15:49:53.287812,db row count exceeds audit classified count for this check_name
144792,c04_prompt_leak,eurail-hugo,pass,1,UNKNOWN-FOLLOWUP,audit_report_L109-133,2026-08-20T15:49:54.743941,db row count exceeds audit classified count for this check_name
144815,c04_prompt_leak,extreme-hugo,pass,1,UNKNOWN-FOLLOWUP,audit_report_L109-133,2026-08-20T15:49:55.510547,db row count exceeds audit classified count for this check_name
144838,c04_prompt_leak,ferry-hugo,pass,1,UNKNOWN-FOLLOWUP,audit_report_L109-133,2026-08-20T15:49:56.557782,db row count exceeds audit classified count for this check_name
144861,c04_prompt_leak,flights-hugo,pass,1,UNKNOWN-FOLLOWUP,audit_report_L109-133,2026-08-20T15:49:57.672445,db row count exceeds audit classified count for this check_name
144884,c04_prompt_leak,foodtour-hugo,pass,1,UNKNOWN-FOLLOWUP,audit_report_L109-133,2026-08-20T15:49:58.773739,db row count exceeds audit classified count for this check_name
144907,c04_prompt_leak,ghost-hugo,pass,1,UNKNOWN-FOLLOWUP,audit_report_L109-133,2026-08-20T15:49:59.836629,db row count exceeds audit classified count for this check_name
144930,c04_prompt_leak,hiking-hugo,pass,1,UNKNOWN-FOLLOWUP,audit_report_L109-133,2026-08-20T15:50:00.838054,db row count exceeds audit classified count for this check_name
144953,c04_prompt_leak,layover-hugo,pass,1,UNKNOWN-FOLLOWUP,audit_report_L109-133,2026-08-20T15:50:01.827234,db row count exceeds audit classified count for this check_name
144976,c04_prompt_leak,luxury-hugo,pass,1,UNKNOWN-FOLLOWUP,audit_report_L109-133,2026-08-20T15:50:02.761625,db row count exceeds audit classified count for this check_name
144998,c04_prompt_leak,michelin-hugo,pass,1,UNKNOWN-FOLLOWUP,audit_report_L109-133,2026-08-20T15:50:04.038112,db row count exceeds audit classified count for this check_name
145021,c04_prompt_leak,multiday-hugo,pass,1,UNKNOWN-FOLLOWUP,audit_report_L109-133,2026-08-20T15:50:05.128791,db row count exceeds audit classified count for this check_name
145044,c04_prompt_leak,nature-hugo,pass,1,UNKNOWN-FOLLOWUP,audit_report_L109-133,2026-08-20T15:50:06.168702,db row count exceeds audit classified count for this check_name
145067,c04_prompt_leak,nightlife-hugo,pass,1,UNKNOWN-FOLLOWUP,audit_report_L109-133,2026-08-20T15:50:07.172178,db row count exceeds audit classified count for this check_name
145089,c04_prompt_leak,nomad-hugo,pass,1,UNKNOWN-FOLLOWUP,audit_report_L109-133,2026-08-20T15:50:08.181231,db row count exceeds audit classified count for this check_name
145112,c04_prompt_leak,phototour-hugo,pass,1,UNKNOWN-FOLLOWUP,audit_report_L109-133,2026-08-20T15:50:09.112618,db row count exceeds audit classified count for this check_name
145134,c04_prompt_leak,tour-hugo,pass,1,UNKNOWN-FOLLOWUP,audit_report_L109-133,2026-08-20T15:50:10.316284,db row count exceeds audit classified count for this check_name
145157,c04_prompt_leak,tours-hugo,pass,1,UNKNOWN-FOLLOWUP,audit_report_L109-133,2026-08-20T15:50:11.981244,db row count exceeds audit classified count for this check_name
145180,c04_prompt_leak,trains-hugo,pass,1,UNKNOWN-FOLLOWUP,audit_report_L109-133,2026-08-20T15:50:13.228102,db row count exceeds audit classified count for this check_name
145203,c04_prompt_leak,transfers-hugo,pass,1,UNKNOWN-FOLLOWUP,audit_report_L109-133,2026-08-20T15:50:14.167316,db row count exceeds audit classified count for this check_name
145226,c04_prompt_leak,visa-hugo,pass,1,UNKNOWN-FOLLOWUP,audit_report_L109-133,2026-08-20T15:50:15.180842,db row count exceeds audit classified count for this check_name
145248,c04_prompt_leak,visafree-hugo,pass,1,UNKNOWN-FOLLOWUP,audit_report_L109-133,2026-08-20T15:50:16.225398,db row count exceeds audit classified count for this check_name
145271,c04_prompt_leak,walking-hugo,pass,1,UNKNOWN-FOLLOWUP,audit_report_L109-133,2026-08-20T15:50:17.261111,db row count exceeds audit classified count for this check_name
145294,c04_prompt_leak,watersports-hugo,pass,1,UNKNOWN-FOLLOWUP,audit_report_L109-133,2026-08-20T15:50:19.367225,db row count exceeds audit classified count for this check_name
145317,c04_prompt_leak,watertours-hugo,pass,1,UNKNOWN-FOLLOWUP,audit_report_L109-133,2026-08-20T15:50:20.450361,db row count exceeds audit classified count for this check_name
145339,c04_prompt_leak,biz-techpawz-hugo,pass,1,UNKNOWN-FOLLOWUP,audit_report_L109-133,2026-08-20T15:50:21.873795,db row count exceeds audit classified count for this check_name
145361,c04_prompt_leak,informationhot-hugo,pass,1,UNKNOWN-FOLLOWUP,audit_report_L109-133,2026-08-20T15:50:23.548361,db row count exceeds audit classified count for this check_name
145383,c04_prompt_leak,issue-techpawz-hugo,pass,1,UNKNOWN-FOLLOWUP,audit_report_L109-133,2026-08-20T15:50:25.421127,db row count exceeds audit classified count for this check_name
145405,c04_prompt_leak,rotcha-blog,fail,2,UNKNOWN-FOLLOWUP,audit_report_L109-133,2026-08-20T15:50:29.018114,db row count exceeds audit classified count for this check_name
145427,c04_prompt_leak,techpawz-hugo,pass,1,UNKNOWN-FOLLOWUP,audit_report_L109-133,2026-08-20T15:50:32.464250,db row count exceeds audit classified count for this check_name
145450,c04_prompt_leak,tvshow-blogger,unknown,1,UNKNOWN-FOLLOWUP,audit_report_L109-133,2026-08-20T15:50:36.621672,db row count exceeds audit classified count for this check_name
145471,c04_prompt_leak,ud-blogger,unknown,1,UNKNOWN-FOLLOWUP,audit_report_L109-133,2026-08-20T15:50:40.676061,db row count exceeds audit classified count for this check_name
145492,c04_prompt_leak,rap-hugo,pass,1,UNKNOWN-FOLLOWUP,audit_report_L109-133,2026-08-20T15:50:43.122209,db row count exceeds audit classified count for this check_name
145514,c04_prompt_leak,rap2-hugo,pass,1,UNKNOWN-FOLLOWUP,audit_report_L109-133,2026-08-20T15:50:44.965114,db row count exceeds audit classified count for this check_name
145536,c04_prompt_leak,rap3-hugo,pass,1,UNKNOWN-FOLLOWUP,audit_report_L109-133,2026-08-20T15:50:46.635299,db row count exceeds audit classified count for this check_name
145558,c04_prompt_leak,rap4-hugo,pass,1,UNKNOWN-FOLLOWUP,audit_report_L109-133,2026-08-20T15:50:48.541130,db row count exceeds audit classified count for this check_name
145580,c04_prompt_leak,rap5-hugo,pass,1,UNKNOWN-FOLLOWUP,audit_report_L109-133,2026-08-20T15:50:50.198439,db row count exceeds audit classified count for this check_name
145602,c04_prompt_leak,senior-blogger,unknown,1,UNKNOWN-FOLLOWUP,audit_report_L109-133,2026-08-20T15:50:53.388290,db row count exceeds audit classified count for this check_name
145623,c04_prompt_leak,senior-hugo,pass,1,UNKNOWN-FOLLOWUP,audit_report_L109-133,2026-08-20T15:50:57.248589,db row count exceeds audit classified count for this check_name
145645,c04_prompt_leak,dividend-hugo,pass,1,UNKNOWN-FOLLOWUP,audit_report_L109-133,2026-08-20T15:50:58.779921,db row count exceeds audit classified count for this check_name
145667,c04_prompt_leak,etf-hugo,pass,1,UNKNOWN-FOLLOWUP,audit_report_L109-133,2026-08-20T15:51:00.154383,db row count exceeds audit classified count for this check_name
145689,c04_prompt_leak,finance-hugo,pass,1,UNKNOWN-FOLLOWUP,audit_report_L109-133,2026-08-20T15:51:01.383325,db row count exceeds audit classified count for this check_name
145711,c04_prompt_leak,ipo-hugo,pass,1,UNKNOWN-FOLLOWUP,audit_report_L109-133,2026-08-20T15:51:02.497538,db row count exceeds audit classified count for this check_name
145733,c04_prompt_leak,sector-hugo,pass,1,UNKNOWN-FOLLOWUP,audit_report_L109-133,2026-08-20T15:51:03.537320,db row count exceeds audit classified count for this check_name
145755,c04_prompt_leak,stock-hugo,pass,1,UNKNOWN-FOLLOWUP,audit_report_L109-133,2026-08-20T15:51:04.918823,db row count exceeds audit classified count for this check_name
145777,c04_prompt_leak,tap-blogger,unknown,1,UNKNOWN-FOLLOWUP,audit_report_L109-133,2026-08-20T15:51:06.837984,db row count exceeds audit classified count for this check_name
145896,c04_prompt_leak,travel4-hugo,pass,1,UNKNOWN-FOLLOWUP,audit_report_L109-133,2026-08-20T15:51:15.260916,db row count exceeds audit classified count for this check_name
145920,c04_prompt_leak,travel-hugo,pass,1,UNKNOWN-FOLLOWUP,audit_report_L109-133,2026-08-20T16:01:24.488643,db row count exceeds audit classified count for this check_name
145942,c04_prompt_leak,pet-hugo,pass,1,UNKNOWN-FOLLOWUP,audit_report_L109-133,2026-08-20T16:02:12.352637,db row count exceeds audit classified count for this check_name
145966,c04_prompt_leak,travel1-hugo,pass,1,UNKNOWN-FOLLOWUP,audit_report_L109-133,2026-08-20T16:03:06.952861,db row count exceeds audit classified count for this check_name
145989,c04_prompt_leak,travel2-hugo,pass,1,UNKNOWN-FOLLOWUP,audit_report_L109-133,2026-08-20T16:05:29.827336,db row count exceeds audit classified count for this check_name
146011,c04_prompt_leak,citytours-hugo,pass,1,UNKNOWN-FOLLOWUP,audit_report_L109-133,2026-08-20T16:06:06.336942,db row count exceeds audit classified count for this check_name
146034,c04_prompt_leak,travel3-hugo,pass,1,UNKNOWN-FOLLOWUP,audit_report_L109-133,2026-08-20T16:07:27.496499,db row count exceeds audit classified count for this check_name
146055,c04_prompt_leak,camping-hugo,fail,1,UNKNOWN-FOLLOWUP,audit_report_L109-133,2026-08-20T16:11:11.624411,db row count exceeds audit classified count for this check_name
144032,semantic,compare-hugo,pass,1,FP,audit_report_L109-133,2026-08-20T15:49:12.477452,
144053,semantic,deal-hugo,fail,1,FP,audit_report_L109-133,2026-08-20T15:49:13.710769,
144075,semantic,ev-hugo,unknown,1,FP,audit_report_L109-133,2026-08-20T15:49:14.674814,
144096,semantic,guide-hugo,pass,1,FP,audit_report_L109-133,2026-08-20T15:49:15.930055,
144117,semantic,hotissue-hugo,fail,1,FP,audit_report_L109-133,2026-08-20T15:49:17.678671,
144139,semantic,pick-hugo,fail,1,FP,audit_report_L109-133,2026-08-20T15:49:18.690940,
144160,semantic,rank-hugo,fail,1,FP,audit_report_L109-133,2026-08-20T15:49:19.688484,
144182,semantic,tco-hugo,fail,1,FP,audit_report_L109-133,2026-08-20T15:49:20.817987,
144203,semantic,appliance-hugo,pass,1,FP,audit_report_L109-133,2026-08-20T15:49:22.567327,
144225,semantic,baby-hugo,pass,1,FP,audit_report_L109-133,2026-08-20T15:49:23.925506,
144247,semantic,beauty-hugo,fail,1,FP,audit_report_L109-133,2026-08-20T15:49:26.415015,
144269,semantic,bike-hugo,fail,1,UNC,audit_report_L109-133,2026-08-20T15:49:27.056380,
144312,semantic,car-hugo,pass,1,UNC,audit_report_L109-133,2026-08-20T15:49:29.107339,
144333,semantic,fitness-hugo,pass,1,UNC,audit_report_L109-133,2026-08-20T15:49:30.584439,
144355,semantic,golf-hugo,pass,1,UNC,audit_report_L109-133,2026-08-20T15:49:31.293104,
144376,semantic,health-hugo,pass,1,UNC,audit_report_L109-133,2026-08-20T15:49:32.688148,
144398,semantic,homeappliance-hugo,pass,1,UNC,audit_report_L109-133,2026-08-20T15:49:33.359376,
144419,semantic,interior-hugo,pass,1,UNC,audit_report_L109-133,2026-08-20T15:49:35.307855,
144441,semantic,kitchen-hugo,pass,1,UNC,audit_report_L109-133,2026-08-20T15:49:36.702942,
144463,semantic,laptop-hugo,pass,1,UNC,audit_report_L109-133,2026-08-20T15:49:37.979662,
144485,semantic,massage-hugo,pass,1,UNC,audit_report_L109-133,2026-08-20T15:49:38.688115,
144530,semantic,adventure-hugo,fail,1,UNC,audit_report_L109-133,2026-08-20T15:49:41.327809,
144553,semantic,airlines-hugo,pass,1,UNKNOWN-FOLLOWUP,audit_report_L109-133,2026-08-20T15:49:42.244597,db row count exceeds audit classified count for this check_name
144576,semantic,airports-hugo,pass,1,UNKNOWN-FOLLOWUP,audit_report_L109-133,2026-08-20T15:49:43.461923,db row count exceeds audit classified count for this check_name
144599,semantic,bus-hugo,pass,1,UNKNOWN-FOLLOWUP,audit_report_L109-133,2026-08-20T15:49:44.649097,db row count exceeds audit classified count for this check_name
144644,semantic,cruise-hugo,pass,1,UNKNOWN-FOLLOWUP,audit_report_L109-133,2026-08-20T15:49:46.729432,db row count exceeds audit classified count for this check_name
144666,semantic,culture-hugo,fail,1,UNKNOWN-FOLLOWUP,audit_report_L109-133,2026-08-20T15:49:48.486698,db row count exceeds audit classified count for this check_name
144688,semantic,daytrips-hugo,fail,1,UNKNOWN-FOLLOWUP,audit_report_L109-133,2026-08-20T15:49:49.614841,db row count exceeds audit classified count for this check_name
144711,semantic,deals-hugo,unknown,1,UNKNOWN-FOLLOWUP,audit_report_L109-133,2026-08-20T15:49:50.334802,db row count exceeds audit classified count for this check_name
144734,semantic,dining-hugo,pass,1,UNKNOWN-FOLLOWUP,audit_report_L109-133,2026-08-20T15:49:51.492702,db row count exceeds audit classified count for this check_name
144757,semantic,escape-hugo,unknown,1,UNKNOWN-FOLLOWUP,audit_report_L109-133,2026-08-20T15:49:52.205071,db row count exceeds audit classified count for this check_name
144779,semantic,esim-hugo,fail,1,UNKNOWN-FOLLOWUP,audit_report_L109-133,2026-08-20T15:49:53.896077,db row count exceeds audit classified count for this check_name
144801,semantic,eurail-hugo,unknown,1,UNKNOWN-FOLLOWUP,audit_report_L109-133,2026-08-20T15:49:55.061120,db row count exceeds audit classified count for this check_name
144824,semantic,extreme-hugo,pass,1,UNKNOWN-FOLLOWUP,audit_report_L109-133,2026-08-20T15:49:56.111545,db row count exceeds audit classified count for this check_name
144847,semantic,ferry-hugo,pass,1,UNKNOWN-FOLLOWUP,audit_report_L109-133,2026-08-20T15:49:57.176043,db row count exceeds audit classified count for this check_name
144870,semantic,flights-hugo,pass,1,UNKNOWN-FOLLOWUP,audit_report_L109-133,2026-08-20T15:49:58.300906,db row count exceeds audit classified count for this check_name
144893,semantic,foodtour-hugo,fail,1,UNKNOWN-FOLLOWUP,audit_report_L109-133,2026-08-20T15:49:59.438477,db row count exceeds audit classified count for this check_name
144916,semantic,ghost-hugo,pass,1,UNKNOWN-FOLLOWUP,audit_report_L109-133,2026-08-20T15:50:00.412865,db row count exceeds audit classified count for this check_name
144939,semantic,hiking-hugo,pass,1,UNKNOWN-FOLLOWUP,audit_report_L109-133,2026-08-20T15:50:01.382191,db row count exceeds audit classified count for this check_name
144962,semantic,layover-hugo,pass,1,UNKNOWN-FOLLOWUP,audit_report_L109-133,2026-08-20T15:50:02.377207,db row count exceeds audit classified count for this check_name
144985,semantic,luxury-hugo,pass,1,UNKNOWN-FOLLOWUP,audit_report_L109-133,2026-08-20T15:50:03.469475,db row count exceeds audit classified count for this check_name
145007,semantic,michelin-hugo,pass,1,UNKNOWN-FOLLOWUP,audit_report_L109-133,2026-08-20T15:50:04.669630,db row count exceeds audit classified count for this check_name
145030,semantic,multiday-hugo,fail,1,UNKNOWN-FOLLOWUP,audit_report_L109-133,2026-08-20T15:50:05.768906,db row count exceeds audit classified count for this check_name
145053,semantic,nature-hugo,pass,1,UNKNOWN-FOLLOWUP,audit_report_L109-133,2026-08-20T15:50:06.765760,db row count exceeds audit classified count for this check_name
145076,semantic,nightlife-hugo,pass,1,UNKNOWN-FOLLOWUP,audit_report_L109-133,2026-08-20T15:50:07.817453,db row count exceeds audit classified count for this check_name
145098,semantic,nomad-hugo,unknown,1,UNKNOWN-FOLLOWUP,audit_report_L109-133,2026-08-20T15:50:08.725204,db row count exceeds audit classified count for this check_name
145121,semantic,phototour-hugo,pass,1,UNKNOWN-FOLLOWUP,audit_report_L109-133,2026-08-20T15:50:09.748266,db row count exceeds audit classified count for this check_name
145143,semantic,tour-hugo,pass,1,UNKNOWN-FOLLOWUP,audit_report_L109-133,2026-08-20T15:50:10.931573,db row count exceeds audit classified count for this check_name
145166,semantic,tours-hugo,fail,1,UNKNOWN-FOLLOWUP,audit_report_L109-133,2026-08-20T15:50:12.847277,db row count exceeds audit classified count for this check_name
145189,semantic,trains-hugo,pass,1,UNKNOWN-FOLLOWUP,audit_report_L109-133,2026-08-20T15:50:13.733303,db row count exceeds audit classified count for this check_name
145212,semantic,transfers-hugo,fail,1,UNKNOWN-FOLLOWUP,audit_report_L109-133,2026-08-20T15:50:14.708290,db row count exceeds audit classified count for this check_name
145235,semantic,visa-hugo,pass,1,UNKNOWN-FOLLOWUP,audit_report_L109-133,2026-08-20T15:50:15.782476,db row count exceeds audit classified count for this check_name
145257,semantic,visafree-hugo,pass,1,UNKNOWN-FOLLOWUP,audit_report_L109-133,2026-08-20T15:50:16.818724,db row count exceeds audit classified count for this check_name
145280,semantic,walking-hugo,fail,1,UNKNOWN-FOLLOWUP,audit_report_L109-133,2026-08-20T15:50:17.850401,db row count exceeds audit classified count for this check_name
145303,semantic,watersports-hugo,fail,1,UNKNOWN-FOLLOWUP,audit_report_L109-133,2026-08-20T15:50:19.980104,db row count exceeds audit classified count for this check_name
145326,semantic,watertours-hugo,pass,1,UNKNOWN-FOLLOWUP,audit_report_L109-133,2026-08-20T15:50:21.144114,db row count exceeds audit classified count for this check_name
145348,semantic,biz-techpawz-hugo,pass,1,UNKNOWN-FOLLOWUP,audit_report_L109-133,2026-08-20T15:50:22.878749,db row count exceeds audit classified count for this check_name
145370,semantic,informationhot-hugo,pass,1,UNKNOWN-FOLLOWUP,audit_report_L109-133,2026-08-20T15:50:24.318186,db row count exceeds audit classified count for this check_name
145392,semantic,issue-techpawz-hugo,pass,1,UNKNOWN-FOLLOWUP,audit_report_L109-133,2026-08-20T15:50:27.388225,db row count exceeds audit classified count for this check_name
145414,semantic,rotcha-blog,pass,1,UNKNOWN-FOLLOWUP,audit_report_L109-133,2026-08-20T15:50:30.749033,db row count exceeds audit classified count for this check_name
145436,semantic,techpawz-hugo,fail,1,UNKNOWN-FOLLOWUP,audit_report_L109-133,2026-08-20T15:50:35.442634,db row count exceeds audit classified count for this check_name
145459,semantic,tvshow-blogger,unknown,1,UNKNOWN-FOLLOWUP,audit_report_L109-133,2026-08-20T15:50:38.853405,db row count exceeds audit classified count for this check_name
145480,semantic,ud-blogger,unknown,1,UNKNOWN-FOLLOWUP,audit_report_L109-133,2026-08-20T15:50:42.435021,db row count exceeds audit classified count for this check_name
145501,semantic,rap-hugo,pass,1,UNKNOWN-FOLLOWUP,audit_report_L109-133,2026-08-20T15:50:43.850497,db row count exceeds audit classified count for this check_name
145523,semantic,rap2-hugo,pass,1,UNKNOWN-FOLLOWUP,audit_report_L109-133,2026-08-20T15:50:45.963233,db row count exceeds audit classified count for this check_name
145545,semantic,rap3-hugo,pass,1,UNKNOWN-FOLLOWUP,audit_report_L109-133,2026-08-20T15:50:47.311246,db row count exceeds audit classified count for this check_name
145567,semantic,rap4-hugo,pass,1,UNKNOWN-FOLLOWUP,audit_report_L109-133,2026-08-20T15:50:49.505336,db row count exceeds audit classified count for this check_name
145589,semantic,rap5-hugo,pass,1,UNKNOWN-FOLLOWUP,audit_report_L109-133,2026-08-20T15:50:51.135619,db row count exceeds audit classified count for this check_name
145611,semantic,senior-blogger,unknown,1,UNKNOWN-FOLLOWUP,audit_report_L109-133,2026-08-20T15:50:56.351725,db row count exceeds audit classified count for this check_name
145632,semantic,senior-hugo,pass,1,UNKNOWN-FOLLOWUP,audit_report_L109-133,2026-08-20T15:50:58.120252,db row count exceeds audit classified count for this check_name
145654,semantic,dividend-hugo,fail,1,UNKNOWN-FOLLOWUP,audit_report_L109-133,2026-08-20T15:50:59.628360,db row count exceeds audit classified count for this check_name
145676,semantic,etf-hugo,fail,1,UNKNOWN-FOLLOWUP,audit_report_L109-133,2026-08-20T15:51:00.800765,db row count exceeds audit classified count for this check_name
145698,semantic,finance-hugo,fail,1,UNKNOWN-FOLLOWUP,audit_report_L109-133,2026-08-20T15:51:02.100480,db row count exceeds audit classified count for this check_name
145720,semantic,ipo-hugo,pass,1,UNKNOWN-FOLLOWUP,audit_report_L109-133,2026-08-20T15:51:03.059707,db row count exceeds audit classified count for this check_name
145742,semantic,sector-hugo,pass,1,UNKNOWN-FOLLOWUP,audit_report_L109-133,2026-08-20T15:51:04.194170,db row count exceeds audit classified count for this check_name
145764,semantic,stock-hugo,fail,1,UNKNOWN-FOLLOWUP,audit_report_L109-133,2026-08-20T15:51:05.639003,db row count exceeds audit classified count for this check_name
145786,semantic,tap-blogger,unknown,1,UNKNOWN-FOLLOWUP,audit_report_L109-133,2026-08-20T15:51:08.670176,db row count exceeds audit classified count for this check_name
145905,semantic,travel4-hugo,pass,1,UNKNOWN-FOLLOWUP,audit_report_L109-133,2026-08-20T15:51:15.946505,db row count exceeds audit classified count for this check_name
145929,semantic,travel-hugo,pass,1,UNKNOWN-FOLLOWUP,audit_report_L109-133,2026-08-20T16:01:25.849326,db row count exceeds audit classified count for this check_name
145951,semantic,pet-hugo,pass,1,UNKNOWN-FOLLOWUP,audit_report_L109-133,2026-08-20T16:02:14.729319,db row count exceeds audit classified count for this check_name
145975,semantic,travel1-hugo,pass,1,UNKNOWN-FOLLOWUP,audit_report_L109-133,2026-08-20T16:03:08.919558,db row count exceeds audit classified count for this check_name
145998,semantic,travel2-hugo,pass,1,UNKNOWN-FOLLOWUP,audit_report_L109-133,2026-08-20T16:05:31.437665,db row count exceeds audit classified count for this check_name
146020,semantic,citytours-hugo,pass,1,UNKNOWN-FOLLOWUP,audit_report_L109-133,2026-08-20T16:06:08.545276,db row count exceeds audit classified count for this check_name
146043,semantic,travel3-hugo,pass,1,UNKNOWN-FOLLOWUP,audit_report_L109-133,2026-08-20T16:07:29.561430,db row count exceeds audit classified count for this check_name
146064,semantic,camping-hugo,pass,1,UNKNOWN-FOLLOWUP,audit_report_L109-133,2026-08-20T16:11:13.700162,db row count exceeds audit classified count for this check_name
54024,R2-01,biz-techpawz-hugo,fail,17,EA,audit_report_L109-133,2026-08-10T08:52:48.995605,
54056,R2-01,issue-techpawz-hugo,fail,9,EA,audit_report_L109-133,2026-08-10T08:52:51.001990,
54088,R2-01,techpawz-hugo,fail,7,EA,audit_report_L109-133,2026-08-10T08:52:53.369368,
145886,R2-01,travel4-hugo,fail,21,EA,audit_report_L109-133,2026-08-20T15:51:14.627932,
145910,R2-01,travel-hugo,fail,44,EA,audit_report_L109-133,2026-08-20T16:01:23.847065,
145956,R2-01,travel1-hugo,fail,40,UNC,audit_report_L109-133,2026-08-20T16:03:06.481490,
145979,R2-01,travel2-hugo,fail,67,UNC,audit_report_L109-133,2026-08-20T16:05:28.705222,
146024,R2-01,travel3-hugo,fail,65,UNC,audit_report_L109-133,2026-08-20T16:07:26.152389,
53803,THUMBNAIL-01,nomad-hugo,fail,10,TP,audit_report_L109-133,2026-08-10T08:52:38.926395,
54023,THUMBNAIL-01,biz-techpawz-hugo,fail,6,TP,audit_report_L109-133,2026-08-10T08:52:48.995487,
54055,THUMBNAIL-01,issue-techpawz-hugo,fail,9,TP,audit_report_L109-133,2026-08-10T08:52:51.001822,
54087,THUMBNAIL-01,techpawz-hugo,fail,7,TP,audit_report_L109-133,2026-08-10T08:52:53.369211,
144511,THUMBNAIL-01,adventure-hugo,fail,9,TP,audit_report_L109-133,2026-08-20T15:49:40.007275,
144534,THUMBNAIL-01,airlines-hugo,fail,7,TP,audit_report_L109-133,2026-08-20T15:49:41.392660,
144557,THUMBNAIL-01,airports-hugo,fail,7,TP,audit_report_L109-133,2026-08-20T15:49:42.298847,
144580,THUMBNAIL-01,bus-hugo,fail,7,TP,audit_report_L109-133,2026-08-20T15:49:43.528195,
144692,THUMBNAIL-01,deals-hugo,fail,10,TP,audit_report_L109-133,2026-08-20T15:49:49.672386,
144715,THUMBNAIL-01,dining-hugo,fail,9,TP,audit_report_L109-133,2026-08-20T15:49:50.384421,
144738,THUMBNAIL-01,escape-hugo,fail,9,TP,audit_report_L109-133,2026-08-20T15:49:51.543130,
144805,THUMBNAIL-01,extreme-hugo,fail,8,TP,audit_report_L109-133,2026-08-20T15:49:55.119387,
144828,THUMBNAIL-01,ferry-hugo,fail,8,TP,audit_report_L109-133,2026-08-20T15:49:56.161571,
144851,THUMBNAIL-01,flights-hugo,fail,6,TP,audit_report_L109-133,2026-08-20T15:49:57.248921,
144874,THUMBNAIL-01,foodtour-hugo,fail,5,TP,audit_report_L109-133,2026-08-20T15:49:58.375545,
144897,THUMBNAIL-01,ghost-hugo,fail,9,TP,audit_report_L109-133,2026-08-20T15:49:59.492879,
144920,THUMBNAIL-01,hiking-hugo,fail,8,TP,audit_report_L109-133,2026-08-20T15:50:00.460839,
144943,THUMBNAIL-01,layover-hugo,fail,9,TP,audit_report_L109-133,2026-08-20T15:50:01.450378,
144966,THUMBNAIL-01,luxury-hugo,fail,5,TP,audit_report_L109-133,2026-08-20T15:50:02.425184,
145011,THUMBNAIL-01,multiday-hugo,fail,6,TP,audit_report_L109-133,2026-08-20T15:50:04.742244,
145034,THUMBNAIL-01,nature-hugo,fail,4,TP,audit_report_L109-133,2026-08-20T15:50:05.836083,
145057,THUMBNAIL-01,nightlife-hugo,fail,9,TP,audit_report_L109-133,2026-08-20T15:50:06.817685,
145102,THUMBNAIL-01,phototour-hugo,fail,5,TP,audit_report_L109-133,2026-08-20T15:50:08.770335,
145147,THUMBNAIL-01,tours-hugo,fail,1,TP,audit_report_L109-133,2026-08-20T15:50:11.007438,
145170,THUMBNAIL-01,trains-hugo,fail,1,TP,audit_report_L109-133,2026-08-20T15:50:12.910471,
145193,THUMBNAIL-01,transfers-hugo,fail,6,TP,audit_report_L109-133,2026-08-20T15:50:13.786885,
145216,THUMBNAIL-01,visa-hugo,fail,1,TP,audit_report_L109-133,2026-08-20T15:50:14.765171,
145261,THUMBNAIL-01,walking-hugo,fail,4,TP,audit_report_L109-133,2026-08-20T15:50:16.870940,
145284,THUMBNAIL-01,watersports-hugo,fail,8,TP,audit_report_L109-133,2026-08-20T15:50:17.904781,
145307,THUMBNAIL-01,watertours-hugo,fail,7,TP,audit_report_L109-133,2026-08-20T15:50:20.040020,
145885,THUMBNAIL-01,travel4-hugo,fail,9,TP,audit_report_L109-133,2026-08-20T15:51:14.627818,
145909,THUMBNAIL-01,travel-hugo,fail,8,TP,audit_report_L109-133,2026-08-20T16:01:23.846613,
145955,THUMBNAIL-01,travel1-hugo,fail,9,TP,audit_report_L109-133,2026-08-20T16:03:06.481039,
145978,THUMBNAIL-01,travel2-hugo,fail,10,TP,audit_report_L109-133,2026-08-20T16:05:28.704782,
146001,THUMBNAIL-01,citytours-hugo,fail,1,TP,audit_report_L109-133,2026-08-20T16:06:05.825033,
146023,THUMBNAIL-01,travel3-hugo,fail,10,TP,audit_report_L109-133,2026-08-20T16:07:26.151600,
89442,FM-DRAFT,rap-hugo,fail,1,TP,audit_report_L109-133,2026-08-16T18:53:24.656731,
89464,FM-DRAFT,rap2-hugo,fail,1,TP,audit_report_L109-133,2026-08-16T18:54:15.842161,
89658,FM-DRAFT,etf-hugo,fail,1,TP,audit_report_L109-133,2026-08-16T19:04:12.472729,
89764,FM-DRAFT,deal-hugo,fail,1,TP,audit_report_L109-133,2026-08-16T20:01:32.771919,
89866,FM-DRAFT,rank-hugo,fail,1,TP,audit_report_L109-133,2026-08-16T20:01:44.310992,
91221,FM-DRAFT,rap4-hugo,fail,1,TP,audit_report_L109-133,2026-08-16T20:04:52.211305,
100219,FM-DRAFT,rap3-hugo,fail,1,TP,audit_report_L109-133,2026-08-17T14:53:27.772099,
100434,FM-DRAFT,rap5-hugo,fail,1,TP,audit_report_L109-133,2026-08-17T15:06:29.337553,
101309,FM-DRAFT,appliance-hugo,fail,1,TP,audit_report_L109-133,2026-08-17T16:46:20.934251,
101333,FM-DRAFT,baby-hugo,fail,1,TP,audit_report_L109-133,2026-08-17T16:46:21.706405,
101356,FM-DRAFT,beauty-hugo,fail,1,TP,audit_report_L109-133,2026-08-17T16:46:22.494574,
101399,FM-DRAFT,camping-hugo,fail,1,TP,audit_report_L109-133,2026-08-17T16:46:23.046596,
101444,FM-DRAFT,fitness-hugo,fail,1,TP,audit_report_L109-133,2026-08-17T16:46:23.904798,
101488,FM-DRAFT,health-hugo,fail,1,TP,audit_report_L109-133,2026-08-17T16:46:24.499426,
101532,FM-DRAFT,interior-hugo,fail,1,TP,audit_report_L109-133,2026-08-17T16:46:25.736023,
102517,FM-DRAFT,issue-techpawz-hugo,fail,1,TP,audit_report_L109-133,2026-08-17T16:46:39.364866,
104365,FM-DRAFT,kitchen-hugo,fail,1,TP,audit_report_L109-133,2026-08-19T11:32:43.492659,
106657,FM-DRAFT,laptop-hugo,fail,1,TP,audit_report_L109-133,2026-08-19T13:41:01.718344,
109832,FM-DRAFT,pet-hugo,fail,1,TP,audit_report_L109-133,2026-08-19T16:01:33.017907,
130268,FM-DRAFT,travel1-hugo,fail,1,TP,audit_report_L109-133,2026-08-20T07:12:09.339340,
130489,FM-DRAFT,airlines-hugo,fail,1,TP,audit_report_L109-133,2026-08-20T07:44:22.589099,
135004,FM-DRAFT,tour-hugo,fail,1,TP,audit_report_L109-133,2026-08-20T10:31:34.096962,
135188,FM-DRAFT,trains-hugo,fail,1,TP,audit_report_L109-133,2026-08-20T10:44:10.521686,
139613,FM-DRAFT,senior-hugo,fail,1,TP,audit_report_L109-133,2026-08-20T13:35:13.114351,
139658,FM-DRAFT,esim-hugo,fail,1,TP,audit_report_L109-133,2026-08-20T13:37:05.417985,
139704,FM-DRAFT,michelin-hugo,fail,1,TP,audit_report_L109-133,2026-08-20T13:40:06.476857,
139750,FM-DRAFT,tours-hugo,fail,1,TP,audit_report_L109-133,2026-08-20T13:42:50.210003,
141718,FM-DRAFT,visa-hugo,fail,1,TP,audit_report_L109-133,2026-08-20T13:47:53.605305,
143966,FM-DRAFT,visafree-hugo,fail,1,TP,audit_report_L109-133,2026-08-20T15:20:45.108288,
143989,FM-DRAFT,eurail-hugo,fail,1,TP,audit_report_L109-133,2026-08-20T15:30:36.585940,
144022,c03_fm_key_leak,compare-hugo,unknown,1,TP,audit_report_L109-133,2026-08-20T15:49:11.607078,
144043,c03_fm_key_leak,deal-hugo,pass,1,TP,audit_report_L109-133,2026-08-20T15:49:12.982909,
144065,c03_fm_key_leak,ev-hugo,pass,1,TP,audit_report_L109-133,2026-08-20T15:49:14.223700,
144086,c03_fm_key_leak,guide-hugo,unknown,1,TP,audit_report_L109-133,2026-08-20T15:49:15.222460,
144107,c03_fm_key_leak,hotissue-hugo,pass,1,TP,audit_report_L109-133,2026-08-20T15:49:16.737150,
144129,c03_fm_key_leak,pick-hugo,pass,1,TP,audit_report_L109-133,2026-08-20T15:49:18.100978,
144150,c03_fm_key_leak,rank-hugo,pass,1,TP,audit_report_L109-133,2026-08-20T15:49:19.066710,
144172,c03_fm_key_leak,tco-hugo,unknown,1,TP,audit_report_L109-133,2026-08-20T15:49:20.166906,
144193,c03_fm_key_leak,appliance-hugo,fail,4,TP,audit_report_L109-133,2026-08-20T15:49:21.645732,
144215,c03_fm_key_leak,baby-hugo,fail,7,TP,audit_report_L109-133,2026-08-20T15:49:23.117338,
144237,c03_fm_key_leak,beauty-hugo,fail,3,TP,audit_report_L109-133,2026-08-20T15:49:25.318219,
144259,c03_fm_key_leak,bike-hugo,pass,1,TP,audit_report_L109-133,2026-08-20T15:49:26.662302,
144302,c03_fm_key_leak,car-hugo,pass,1,TP,audit_report_L109-133,2026-08-20T15:49:28.707605,
144323,c03_fm_key_leak,fitness-hugo,fail,10,TP,audit_report_L109-133,2026-08-20T15:49:29.664420,
144345,c03_fm_key_leak,golf-hugo,pass,1,TP,audit_report_L109-133,2026-08-20T15:49:30.887665,
144366,c03_fm_key_leak,health-hugo,fail,2,TP,audit_report_L109-133,2026-08-20T15:49:31.995139,
144388,c03_fm_key_leak,homeappliance-hugo,pass,1,TP,audit_report_L109-133,2026-08-20T15:49:32.943405,
144409,c03_fm_key_leak,interior-hugo,fail,6,TP,audit_report_L109-133,2026-08-20T15:49:34.324938,
144431,c03_fm_key_leak,kitchen-hugo,fail,1,TP,audit_report_L109-133,2026-08-20T15:49:36.037117,
144453,c03_fm_key_leak,laptop-hugo,fail,5,UNKNOWN-FOLLOWUP,audit_report_L109-133,2026-08-20T15:49:37.137503,db row count exceeds audit classified count for this check_name
144475,c03_fm_key_leak,massage-hugo,pass,1,UNKNOWN-FOLLOWUP,audit_report_L109-133,2026-08-20T15:49:38.258491,db row count exceeds audit classified count for this check_name
144520,c03_fm_key_leak,adventure-hugo,pass,1,UNKNOWN-FOLLOWUP,audit_report_L109-133,2026-08-20T15:49:40.364387,db row count exceeds audit classified count for this check_name
144543,c03_fm_key_leak,airlines-hugo,pass,1,UNKNOWN-FOLLOWUP,audit_report_L109-133,2026-08-20T15:49:41.688265,db row count exceeds audit classified count for this check_name
144566,c03_fm_key_leak,airports-hugo,pass,1,UNKNOWN-FOLLOWUP,audit_report_L109-133,2026-08-20T15:49:42.690272,db row count exceeds audit classified count for this check_name
144589,c03_fm_key_leak,bus-hugo,pass,1,UNKNOWN-FOLLOWUP,audit_report_L109-133,2026-08-20T15:49:43.872747,db row count exceeds audit classified count for this check_name
144634,c03_fm_key_leak,cruise-hugo,pass,1,UNKNOWN-FOLLOWUP,audit_report_L109-133,2026-08-20T15:49:46.026880,db row count exceeds audit classified count for this check_name
144656,c03_fm_key_leak,culture-hugo,pass,1,UNKNOWN-FOLLOWUP,audit_report_L109-133,2026-08-20T15:49:47.546332,db row count exceeds audit classified count for this check_name
144678,c03_fm_key_leak,daytrips-hugo,pass,1,UNKNOWN-FOLLOWUP,audit_report_L109-133,2026-08-20T15:49:48.930027,db row count exceeds audit classified count for this check_name
144701,c03_fm_key_leak,deals-hugo,pass,1,UNKNOWN-FOLLOWUP,audit_report_L109-133,2026-08-20T15:49:49.975991,db row count exceeds audit classified count for this check_name
144724,c03_fm_key_leak,dining-hugo,pass,1,UNKNOWN-FOLLOWUP,audit_report_L109-133,2026-08-20T15:49:50.876634,db row count exceeds audit classified count for this check_name
144747,c03_fm_key_leak,escape-hugo,pass,1,UNKNOWN-FOLLOWUP,audit_report_L109-133,2026-08-20T15:49:51.838352,db row count exceeds audit classified count for this check_name
144769,c03_fm_key_leak,esim-hugo,pass,1,UNKNOWN-FOLLOWUP,audit_report_L109-133,2026-08-20T15:49:53.126292,db row count exceeds audit classified count for this check_name
144791,c03_fm_key_leak,eurail-hugo,pass,1,UNKNOWN-FOLLOWUP,audit_report_L109-133,2026-08-20T15:49:54.690155,db row count exceeds audit classified count for this check_name
144814,c03_fm_key_leak,extreme-hugo,pass,1,UNKNOWN-FOLLOWUP,audit_report_L109-133,2026-08-20T15:49:55.449086,db row count exceeds audit classified count for this check_name
144837,c03_fm_key_leak,ferry-hugo,pass,1,UNKNOWN-FOLLOWUP,audit_report_L109-133,2026-08-20T15:49:56.498127,db row count exceeds audit classified count for this check_name
144860,c03_fm_key_leak,flights-hugo,pass,1,UNKNOWN-FOLLOWUP,audit_report_L109-133,2026-08-20T15:49:57.578274,db row count exceeds audit classified count for this check_name
144883,c03_fm_key_leak,foodtour-hugo,pass,1,UNKNOWN-FOLLOWUP,audit_report_L109-133,2026-08-20T15:49:58.710151,db row count exceeds audit classified count for this check_name
144906,c03_fm_key_leak,ghost-hugo,pass,1,UNKNOWN-FOLLOWUP,audit_report_L109-133,2026-08-20T15:49:59.787592,db row count exceeds audit classified count for this check_name
144929,c03_fm_key_leak,hiking-hugo,pass,1,UNKNOWN-FOLLOWUP,audit_report_L109-133,2026-08-20T15:50:00.787706,db row count exceeds audit classified count for this check_name
144952,c03_fm_key_leak,layover-hugo,pass,1,UNKNOWN-FOLLOWUP,audit_report_L109-133,2026-08-20T15:50:01.772173,db row count exceeds audit classified count for this check_name
144975,c03_fm_key_leak,luxury-hugo,pass,1,UNKNOWN-FOLLOWUP,audit_report_L109-133,2026-08-20T15:50:02.702712,db row count exceeds audit classified count for this check_name
144997,c03_fm_key_leak,michelin-hugo,pass,1,UNKNOWN-FOLLOWUP,audit_report_L109-133,2026-08-20T15:50:03.904540,db row count exceeds audit classified count for this check_name
145020,c03_fm_key_leak,multiday-hugo,pass,1,UNKNOWN-FOLLOWUP,audit_report_L109-133,2026-08-20T15:50:05.067532,db row count exceeds audit classified count for this check_name
145043,c03_fm_key_leak,nature-hugo,pass,1,UNKNOWN-FOLLOWUP,audit_report_L109-133,2026-08-20T15:50:06.118979,db row count exceeds audit classified count for this check_name
145066,c03_fm_key_leak,nightlife-hugo,pass,1,UNKNOWN-FOLLOWUP,audit_report_L109-133,2026-08-20T15:50:07.118393,db row count exceeds audit classified count for this check_name
145088,c03_fm_key_leak,nomad-hugo,pass,1,UNKNOWN-FOLLOWUP,audit_report_L109-133,2026-08-20T15:50:08.146794,db row count exceeds audit classified count for this check_name
145111,c03_fm_key_leak,phototour-hugo,pass,1,UNKNOWN-FOLLOWUP,audit_report_L109-133,2026-08-20T15:50:09.061389,db row count exceeds audit classified count for this check_name
145133,c03_fm_key_leak,tour-hugo,pass,1,UNKNOWN-FOLLOWUP,audit_report_L109-133,2026-08-20T15:50:10.170525,db row count exceeds audit classified count for this check_name
145156,c03_fm_key_leak,tours-hugo,pass,1,UNKNOWN-FOLLOWUP,audit_report_L109-133,2026-08-20T15:50:11.907085,db row count exceeds audit classified count for this check_name
145179,c03_fm_key_leak,trains-hugo,pass,1,UNKNOWN-FOLLOWUP,audit_report_L109-133,2026-08-20T15:50:13.169050,db row count exceeds audit classified count for this check_name
145202,c03_fm_key_leak,transfers-hugo,pass,1,UNKNOWN-FOLLOWUP,audit_report_L109-133,2026-08-20T15:50:14.097012,db row count exceeds audit classified count for this check_name
145225,c03_fm_key_leak,visa-hugo,pass,1,UNKNOWN-FOLLOWUP,audit_report_L109-133,2026-08-20T15:50:15.089013,db row count exceeds audit classified count for this check_name
145247,c03_fm_key_leak,visafree-hugo,pass,1,UNKNOWN-FOLLOWUP,audit_report_L109-133,2026-08-20T15:50:16.158920,db row count exceeds audit classified count for this check_name
145270,c03_fm_key_leak,walking-hugo,pass,1,UNKNOWN-FOLLOWUP,audit_report_L109-133,2026-08-20T15:50:17.201365,db row count exceeds audit classified count for this check_name
145293,c03_fm_key_leak,watersports-hugo,pass,1,UNKNOWN-FOLLOWUP,audit_report_L109-133,2026-08-20T15:50:19.285731,db row count exceeds audit classified count for this check_name
145316,c03_fm_key_leak,watertours-hugo,pass,1,UNKNOWN-FOLLOWUP,audit_report_L109-133,2026-08-20T15:50:20.388960,db row count exceeds audit classified count for this check_name
145338,c03_fm_key_leak,biz-techpawz-hugo,pass,1,UNKNOWN-FOLLOWUP,audit_report_L109-133,2026-08-20T15:50:21.740633,db row count exceeds audit classified count for this check_name
145360,c03_fm_key_leak,informationhot-hugo,fail,1,UNKNOWN-FOLLOWUP,audit_report_L109-133,2026-08-20T15:50:23.502802,db row count exceeds audit classified count for this check_name
145382,c03_fm_key_leak,issue-techpawz-hugo,fail,1,UNKNOWN-FOLLOWUP,audit_report_L109-133,2026-08-20T15:50:25.380635,db row count exceeds audit classified count for this check_name
145404,c03_fm_key_leak,rotcha-blog,fail,2,UNKNOWN-FOLLOWUP,audit_report_L109-133,2026-08-20T15:50:28.828296,db row count exceeds audit classified count for this check_name
145426,c03_fm_key_leak,techpawz-hugo,fail,4,UNKNOWN-FOLLOWUP,audit_report_L109-133,2026-08-20T15:50:32.214810,db row count exceeds audit classified count for this check_name
145449,c03_fm_key_leak,tvshow-blogger,unknown,1,UNKNOWN-FOLLOWUP,audit_report_L109-133,2026-08-20T15:50:36.621147,db row count exceeds audit classified count for this check_name
145470,c03_fm_key_leak,ud-blogger,unknown,1,UNKNOWN-FOLLOWUP,audit_report_L109-133,2026-08-20T15:50:40.675602,db row count exceeds audit classified count for this check_name
145491,c03_fm_key_leak,rap-hugo,fail,1,UNKNOWN-FOLLOWUP,audit_report_L109-133,2026-08-20T15:50:43.069055,db row count exceeds audit classified count for this check_name
145513,c03_fm_key_leak,rap2-hugo,fail,39,UNKNOWN-FOLLOWUP,audit_report_L109-133,2026-08-20T15:50:44.922847,db row count exceeds audit classified count for this check_name
145535,c03_fm_key_leak,rap3-hugo,pass,1,UNKNOWN-FOLLOWUP,audit_report_L109-133,2026-08-20T15:50:46.588129,db row count exceeds audit classified count for this check_name
145557,c03_fm_key_leak,rap4-hugo,pass,1,UNKNOWN-FOLLOWUP,audit_report_L109-133,2026-08-20T15:50:48.497985,db row count exceeds audit classified count for this check_name
145579,c03_fm_key_leak,rap5-hugo,pass,1,UNKNOWN-FOLLOWUP,audit_report_L109-133,2026-08-20T15:50:50.146987,db row count exceeds audit classified count for this check_name
145601,c03_fm_key_leak,senior-blogger,unknown,1,UNKNOWN-FOLLOWUP,audit_report_L109-133,2026-08-20T15:50:53.387797,db row count exceeds audit classified count for this check_name
145622,c03_fm_key_leak,senior-hugo,pass,1,UNKNOWN-FOLLOWUP,audit_report_L109-133,2026-08-20T15:50:57.203160,db row count exceeds audit classified count for this check_name
145644,c03_fm_key_leak,dividend-hugo,pass,1,UNKNOWN-FOLLOWUP,audit_report_L109-133,2026-08-20T15:50:58.732369,db row count exceeds audit classified count for this check_name
145666,c03_fm_key_leak,etf-hugo,pass,1,UNKNOWN-FOLLOWUP,audit_report_L109-133,2026-08-20T15:51:00.126740,db row count exceeds audit classified count for this check_name
145688,c03_fm_key_leak,finance-hugo,pass,1,UNKNOWN-FOLLOWUP,audit_report_L109-133,2026-08-20T15:51:01.344440,db row count exceeds audit classified count for this check_name
145710,c03_fm_key_leak,ipo-hugo,pass,1,UNKNOWN-FOLLOWUP,audit_report_L109-133,2026-08-20T15:51:02.482852,db row count exceeds audit classified count for this check_name
145732,c03_fm_key_leak,sector-hugo,pass,1,UNKNOWN-FOLLOWUP,audit_report_L109-133,2026-08-20T15:51:03.513079,db row count exceeds audit classified count for this check_name
145754,c03_fm_key_leak,stock-hugo,fail,2,UNKNOWN-FOLLOWUP,audit_report_L109-133,2026-08-20T15:51:04.857663,db row count exceeds audit classified count for this check_name
145776,c03_fm_key_leak,tap-blogger,unknown,1,UNKNOWN-FOLLOWUP,audit_report_L109-133,2026-08-20T15:51:06.837297,db row count exceeds audit classified count for this check_name
145895,c03_fm_key_leak,travel4-hugo,fail,6,UNKNOWN-FOLLOWUP,audit_report_L109-133,2026-08-20T15:51:15.219522,db row count exceeds audit classified count for this check_name
145919,c03_fm_key_leak,travel-hugo,pass,1,UNKNOWN-FOLLOWUP,audit_report_L109-133,2026-08-20T16:01:24.374525,db row count exceeds audit classified count for this check_name
145941,c03_fm_key_leak,pet-hugo,fail,2,UNKNOWN-FOLLOWUP,audit_report_L109-133,2026-08-20T16:02:12.191356,db row count exceeds audit classified count for this check_name
145965,c03_fm_key_leak,travel1-hugo,pass,1,UNKNOWN-FOLLOWUP,audit_report_L109-133,2026-08-20T16:03:06.889083,db row count exceeds audit classified count for this check_name
145988,c03_fm_key_leak,travel2-hugo,fail,3,UNKNOWN-FOLLOWUP,audit_report_L109-133,2026-08-20T16:05:29.749230,db row count exceeds audit classified count for this check_name
146010,c03_fm_key_leak,citytours-hugo,pass,1,UNKNOWN-FOLLOWUP,audit_report_L109-133,2026-08-20T16:06:06.222559,db row count exceeds audit classified count for this check_name
146033,c03_fm_key_leak,travel3-hugo,fail,3,UNKNOWN-FOLLOWUP,audit_report_L109-133,2026-08-20T16:07:27.429668,db row count exceeds audit classified count for this check_name
146054,c03_fm_key_leak,camping-hugo,fail,1,UNKNOWN-FOLLOWUP,audit_report_L109-133,2026-08-20T16:11:11.413601,db row count exceeds audit classified count for this check_name
144029,data_stock,compare-hugo,pass,1,TP,audit_report_L109-133,2026-08-20T15:49:11.806356,
144050,data_stock,deal-hugo,pass,1,TP,audit_report_L109-133,2026-08-20T15:49:13.059242,
144072,data_stock,ev-hugo,pass,1,TP,audit_report_L109-133,2026-08-20T15:49:14.339287,
144093,data_stock,guide-hugo,pass,1,TP,audit_report_L109-133,2026-08-20T15:49:15.300847,
144114,data_stock,hotissue-hugo,pass,1,TP,audit_report_L109-133,2026-08-20T15:49:16.991629,
144136,data_stock,pick-hugo,pass,1,TP,audit_report_L109-133,2026-08-20T15:49:18.145698,
144157,data_stock,rank-hugo,pass,1,TP,audit_report_L109-133,2026-08-20T15:49:19.111566,
144179,data_stock,tco-hugo,pass,1,TP,audit_report_L109-133,2026-08-20T15:49:20.260189,
144200,data_stock,appliance-hugo,pass,1,TP,audit_report_L109-133,2026-08-20T15:49:22.141441,
144222,data_stock,baby-hugo,fail,1,TP,audit_report_L109-133,2026-08-20T15:49:23.551889,
144244,data_stock,beauty-hugo,fail,1,TP,audit_report_L109-133,2026-08-20T15:49:25.660998,
144266,data_stock,bike-hugo,fail,1,TP,audit_report_L109-133,2026-08-20T15:49:26.678901,
144309,data_stock,car-hugo,fail,1,TP,audit_report_L109-133,2026-08-20T15:49:28.726140,
144330,data_stock,fitness-hugo,fail,1,TP,audit_report_L109-133,2026-08-20T15:49:30.145440,
144352,data_stock,golf-hugo,fail,1,UNKNOWN-FOLLOWUP,audit_report_L109-133,2026-08-20T15:49:30.907369,db row count exceeds audit classified count for this check_name
144373,data_stock,health-hugo,pass,1,UNKNOWN-FOLLOWUP,audit_report_L109-133,2026-08-20T15:49:32.305580,db row count exceeds audit classified count for this check_name
144395,data_stock,homeappliance-hugo,fail,1,UNKNOWN-FOLLOWUP,audit_report_L109-133,2026-08-20T15:49:32.975406,db row count exceeds audit classified count for this check_name
144416,data_stock,interior-hugo,fail,1,UNKNOWN-FOLLOWUP,audit_report_L109-133,2026-08-20T15:49:34.885773,db row count exceeds audit classified count for this check_name
144438,data_stock,kitchen-hugo,fail,1,UNKNOWN-FOLLOWUP,audit_report_L109-133,2026-08-20T15:49:36.344421,db row count exceeds audit classified count for this check_name
144460,data_stock,laptop-hugo,fail,1,UNKNOWN-FOLLOWUP,audit_report_L109-133,2026-08-20T15:49:37.545506,db row count exceeds audit classified count for this check_name
144482,data_stock,massage-hugo,fail,1,UNKNOWN-FOLLOWUP,audit_report_L109-133,2026-08-20T15:49:38.283254,db row count exceeds audit classified count for this check_name
144527,data_stock,adventure-hugo,pass,1,UNKNOWN-FOLLOWUP,audit_report_L109-133,2026-08-20T15:49:40.508752,db row count exceeds audit classified count for this check_name
144550,data_stock,airlines-hugo,pass,1,UNKNOWN-FOLLOWUP,audit_report_L109-133,2026-08-20T15:49:41.787777,db row count exceeds audit classified count for this check_name
144573,data_stock,airports-hugo,pass,1,UNKNOWN-FOLLOWUP,audit_report_L109-133,2026-08-20T15:49:42.835621,db row count exceeds audit classified count for this check_name
144596,data_stock,bus-hugo,pass,1,UNKNOWN-FOLLOWUP,audit_report_L109-133,2026-08-20T15:49:44.017918,db row count exceeds audit classified count for this check_name
144641,data_stock,cruise-hugo,pass,1,UNKNOWN-FOLLOWUP,audit_report_L109-133,2026-08-20T15:49:46.135491,db row count exceeds audit classified count for this check_name
144663,data_stock,culture-hugo,pass,1,UNKNOWN-FOLLOWUP,audit_report_L109-133,2026-08-20T15:49:47.696281,db row count exceeds audit classified count for this check_name
144685,data_stock,daytrips-hugo,pass,1,UNKNOWN-FOLLOWUP,audit_report_L109-133,2026-08-20T15:49:49.105407,db row count exceeds audit classified count for this check_name
144708,data_stock,deals-hugo,pass,1,UNKNOWN-FOLLOWUP,audit_report_L109-133,2026-08-20T15:49:50.071068,db row count exceeds audit classified count for this check_name
144731,data_stock,dining-hugo,pass,1,UNKNOWN-FOLLOWUP,audit_report_L109-133,2026-08-20T15:49:50.994209,db row count exceeds audit classified count for this check_name
144754,data_stock,escape-hugo,pass,1,UNKNOWN-FOLLOWUP,audit_report_L109-133,2026-08-20T15:49:51.950283,db row count exceeds audit classified count for this check_name
144776,data_stock,esim-hugo,pass,1,UNKNOWN-FOLLOWUP,audit_report_L109-133,2026-08-20T15:49:53.407824,db row count exceeds audit classified count for this check_name
144798,data_stock,eurail-hugo,pass,1,UNKNOWN-FOLLOWUP,audit_report_L109-133,2026-08-20T15:49:54.829052,db row count exceeds audit classified count for this check_name
144821,data_stock,extreme-hugo,pass,1,UNKNOWN-FOLLOWUP,audit_report_L109-133,2026-08-20T15:49:55.569339,db row count exceeds audit classified count for this check_name
144844,data_stock,ferry-hugo,pass,1,UNKNOWN-FOLLOWUP,audit_report_L109-133,2026-08-20T15:49:56.638778,db row count exceeds audit classified count for this check_name
144867,data_stock,flights-hugo,pass,1,UNKNOWN-FOLLOWUP,audit_report_L109-133,2026-08-20T15:49:57.809834,db row count exceeds audit classified count for this check_name
144890,data_stock,foodtour-hugo,pass,1,UNKNOWN-FOLLOWUP,audit_report_L109-133,2026-08-20T15:49:58.848575,db row count exceeds audit classified count for this check_name
144913,data_stock,ghost-hugo,pass,1,UNKNOWN-FOLLOWUP,audit_report_L109-133,2026-08-20T15:49:59.886720,db row count exceeds audit classified count for this check_name
144936,data_stock,hiking-hugo,pass,1,UNKNOWN-FOLLOWUP,audit_report_L109-133,2026-08-20T15:50:00.881718,db row count exceeds audit classified count for this check_name
144959,data_stock,layover-hugo,pass,1,UNKNOWN-FOLLOWUP,audit_report_L109-133,2026-08-20T15:50:01.883253,db row count exceeds audit classified count for this check_name
144982,data_stock,luxury-hugo,pass,1,UNKNOWN-FOLLOWUP,audit_report_L109-133,2026-08-20T15:50:02.822474,db row count exceeds audit classified count for this check_name
145004,data_stock,michelin-hugo,pass,1,UNKNOWN-FOLLOWUP,audit_report_L109-133,2026-08-20T15:50:04.201558,db row count exceeds audit classified count for this check_name
145027,data_stock,multiday-hugo,pass,1,UNKNOWN-FOLLOWUP,audit_report_L109-133,2026-08-20T15:50:05.213797,db row count exceeds audit classified count for this check_name
145050,data_stock,nature-hugo,fail,1,UNKNOWN-FOLLOWUP,audit_report_L109-133,2026-08-20T15:50:06.225679,db row count exceeds audit classified count for this check_name
145073,data_stock,nightlife-hugo,pass,1,UNKNOWN-FOLLOWUP,audit_report_L109-133,2026-08-20T15:50:07.230709,db row count exceeds audit classified count for this check_name
145095,data_stock,nomad-hugo,pass,1,UNKNOWN-FOLLOWUP,audit_report_L109-133,2026-08-20T15:50:08.209000,db row count exceeds audit classified count for this check_name
145118,data_stock,phototour-hugo,pass,1,UNKNOWN-FOLLOWUP,audit_report_L109-133,2026-08-20T15:50:09.169626,db row count exceeds audit classified count for this check_name
145140,data_stock,tour-hugo,unknown,1,UNKNOWN-FOLLOWUP,audit_report_L109-133,2026-08-20T15:50:10.442161,db row count exceeds audit classified count for this check_name
145163,data_stock,tours-hugo,pass,1,UNKNOWN-FOLLOWUP,audit_report_L109-133,2026-08-20T15:50:12.089101,db row count exceeds audit classified count for this check_name
145186,data_stock,trains-hugo,pass,1,UNKNOWN-FOLLOWUP,audit_report_L109-133,2026-08-20T15:50:13.303762,db row count exceeds audit classified count for this check_name
145209,data_stock,transfers-hugo,pass,1,UNKNOWN-FOLLOWUP,audit_report_L109-133,2026-08-20T15:50:14.250365,db row count exceeds audit classified count for this check_name
145232,data_stock,visa-hugo,pass,1,UNKNOWN-FOLLOWUP,audit_report_L109-133,2026-08-20T15:50:15.299145,db row count exceeds audit classified count for this check_name
145254,data_stock,visafree-hugo,pass,1,UNKNOWN-FOLLOWUP,audit_report_L109-133,2026-08-20T15:50:16.308005,db row count exceeds audit classified count for this check_name
145277,data_stock,walking-hugo,pass,1,UNKNOWN-FOLLOWUP,audit_report_L109-133,2026-08-20T15:50:17.336598,db row count exceeds audit classified count for this check_name
145300,data_stock,watersports-hugo,pass,1,UNKNOWN-FOLLOWUP,audit_report_L109-133,2026-08-20T15:50:19.452802,db row count exceeds audit classified count for this check_name
145323,data_stock,watertours-hugo,pass,1,UNKNOWN-FOLLOWUP,audit_report_L109-133,2026-08-20T15:50:20.504900,db row count exceeds audit classified count for this check_name
145345,data_stock,biz-techpawz-hugo,unknown,1,UNKNOWN-FOLLOWUP,audit_report_L109-133,2026-08-20T15:50:22.188079,db row count exceeds audit classified count for this check_name
145367,data_stock,informationhot-hugo,unknown,1,UNKNOWN-FOLLOWUP,audit_report_L109-133,2026-08-20T15:50:23.725946,db row count exceeds audit classified count for this check_name
145389,data_stock,issue-techpawz-hugo,unknown,1,UNKNOWN-FOLLOWUP,audit_report_L109-133,2026-08-20T15:50:25.564564,db row count exceeds audit classified count for this check_name
145411,data_stock,rotcha-blog,unknown,1,UNKNOWN-FOLLOWUP,audit_report_L109-133,2026-08-20T15:50:29.714678,db row count exceeds audit classified count for this check_name
145433,data_stock,techpawz-hugo,unknown,1,UNKNOWN-FOLLOWUP,audit_report_L109-133,2026-08-20T15:50:33.127685,db row count exceeds audit classified count for this check_name
145456,data_stock,tvshow-blogger,unknown,1,UNKNOWN-FOLLOWUP,audit_report_L109-133,2026-08-20T15:50:36.627322,db row count exceeds audit classified count for this check_name
145477,data_stock,ud-blogger,unknown,1,UNKNOWN-FOLLOWUP,audit_report_L109-133,2026-08-20T15:50:40.678043,db row count exceeds audit classified count for this check_name
145498,data_stock,rap-hugo,pass,1,UNKNOWN-FOLLOWUP,audit_report_L109-133,2026-08-20T15:50:43.303804,db row count exceeds audit classified count for this check_name
145520,data_stock,rap2-hugo,pass,1,UNKNOWN-FOLLOWUP,audit_report_L109-133,2026-08-20T15:50:45.101268,db row count exceeds audit classified count for this check_name
145542,data_stock,rap3-hugo,pass,1,UNKNOWN-FOLLOWUP,audit_report_L109-133,2026-08-20T15:50:46.791022,db row count exceeds audit classified count for this check_name
145564,data_stock,rap4-hugo,pass,1,UNKNOWN-FOLLOWUP,audit_report_L109-133,2026-08-20T15:50:48.688854,db row count exceeds audit classified count for this check_name
145586,data_stock,rap5-hugo,pass,1,UNKNOWN-FOLLOWUP,audit_report_L109-133,2026-08-20T15:50:50.362818,db row count exceeds audit classified count for this check_name
145608,data_stock,senior-blogger,pass,1,UNKNOWN-FOLLOWUP,audit_report_L109-133,2026-08-20T15:50:53.392656,db row count exceeds audit classified count for this check_name
145629,data_stock,senior-hugo,pass,1,UNKNOWN-FOLLOWUP,audit_report_L109-133,2026-08-20T15:50:57.420943,db row count exceeds audit classified count for this check_name
145651,data_stock,dividend-hugo,pass,1,UNKNOWN-FOLLOWUP,audit_report_L109-133,2026-08-20T15:50:59.103953,db row count exceeds audit classified count for this check_name
145673,data_stock,etf-hugo,pass,1,UNKNOWN-FOLLOWUP,audit_report_L109-133,2026-08-20T15:51:00.329717,db row count exceeds audit classified count for this check_name
145695,data_stock,finance-hugo,fail,1,UNKNOWN-FOLLOWUP,audit_report_L109-133,2026-08-20T15:51:01.525441,db row count exceeds audit classified count for this check_name
145717,data_stock,ipo-hugo,pass,1,UNKNOWN-FOLLOWUP,audit_report_L109-133,2026-08-20T15:51:02.541771,db row count exceeds audit classified count for this check_name
145739,data_stock,sector-hugo,pass,1,UNKNOWN-FOLLOWUP,audit_report_L109-133,2026-08-20T15:51:03.644406,db row count exceeds audit classified count for this check_name
145761,data_stock,stock-hugo,unknown,1,UNKNOWN-FOLLOWUP,audit_report_L109-133,2026-08-20T15:51:05.151143,db row count exceeds audit classified count for this check_name
145783,data_stock,tap-blogger,unknown,1,UNKNOWN-FOLLOWUP,audit_report_L109-133,2026-08-20T15:51:06.841132,db row count exceeds audit classified count for this check_name
145902,data_stock,travel4-hugo,unknown,1,UNKNOWN-FOLLOWUP,audit_report_L109-133,2026-08-20T15:51:15.414178,db row count exceeds audit classified count for this check_name
145926,data_stock,travel-hugo,unknown,1,UNKNOWN-FOLLOWUP,audit_report_L109-133,2026-08-20T16:01:25.235775,db row count exceeds audit classified count for this check_name
145948,data_stock,pet-hugo,pass,1,UNKNOWN-FOLLOWUP,audit_report_L109-133,2026-08-20T16:02:14.129606,db row count exceeds audit classified count for this check_name
145972,data_stock,travel1-hugo,unknown,1,UNKNOWN-FOLLOWUP,audit_report_L109-133,2026-08-20T16:03:08.154779,db row count exceeds audit classified count for this check_name
145995,data_stock,travel2-hugo,unknown,1,UNKNOWN-FOLLOWUP,audit_report_L109-133,2026-08-20T16:05:30.736527,db row count exceeds audit classified count for this check_name
146017,data_stock,citytours-hugo,pass,1,UNKNOWN-FOLLOWUP,audit_report_L109-133,2026-08-20T16:06:07.824466,db row count exceeds audit classified count for this check_name
146040,data_stock,travel3-hugo,unknown,1,UNKNOWN-FOLLOWUP,audit_report_L109-133,2026-08-20T16:07:28.837691,db row count exceeds audit classified count for this check_name
146061,data_stock,camping-hugo,fail,1,UNKNOWN-FOLLOWUP,audit_report_L109-133,2026-08-20T16:11:13.300019,db row count exceeds audit classified count for this check_name
144015,freshness,compare-hugo,fail,1,TP,audit_report_L109-133,2026-08-20T15:49:11.088828,
144036,freshness,deal-hugo,pass,1,TP,audit_report_L109-133,2026-08-20T15:49:12.607674,
144058,freshness,ev-hugo,fail,1,TP,audit_report_L109-133,2026-08-20T15:49:13.802356,
144079,freshness,guide-hugo,pass,1,TP,audit_report_L109-133,2026-08-20T15:49:14.781000,
144100,freshness,hotissue-hugo,fail,1,TP,audit_report_L109-133,2026-08-20T15:49:16.158823,
144122,freshness,pick-hugo,pass,1,TP,audit_report_L109-133,2026-08-20T15:49:17.797372,
144143,freshness,rank-hugo,pass,1,TP,audit_report_L109-133,2026-08-20T15:49:18.753750,
144165,freshness,tco-hugo,pass,1,UNKNOWN-FOLLOWUP,audit_report_L109-133,2026-08-20T15:49:19.779979,db row count exceeds audit classified count for this check_name
144186,freshness,appliance-hugo,pass,1,UNKNOWN-FOLLOWUP,audit_report_L109-133,2026-08-20T15:49:20.942238,db row count exceeds audit classified count for this check_name
144208,freshness,baby-hugo,pass,1,UNKNOWN-FOLLOWUP,audit_report_L109-133,2026-08-20T15:49:22.734606,db row count exceeds audit classified count for this check_name
144230,freshness,beauty-hugo,pass,1,UNKNOWN-FOLLOWUP,audit_report_L109-133,2026-08-20T15:49:24.088939,db row count exceeds audit classified count for this check_name
144252,freshness,bike-hugo,fail,1,UNKNOWN-FOLLOWUP,audit_report_L109-133,2026-08-20T15:49:26.511184,db row count exceeds audit classified count for this check_name
144295,freshness,car-hugo,pass,1,UNKNOWN-FOLLOWUP,audit_report_L109-133,2026-08-20T15:49:28.533408,db row count exceeds audit classified count for this check_name
144316,freshness,fitness-hugo,pass,1,UNKNOWN-FOLLOWUP,audit_report_L109-133,2026-08-20T15:49:29.211848,db row count exceeds audit classified count for this check_name
144338,freshness,golf-hugo,pass,1,UNKNOWN-FOLLOWUP,audit_report_L109-133,2026-08-20T15:49:30.694353,db row count exceeds audit classified count for this check_name
144359,freshness,health-hugo,pass,1,UNKNOWN-FOLLOWUP,audit_report_L109-133,2026-08-20T15:49:31.404265,db row count exceeds audit classified count for this check_name
144381,freshness,homeappliance-hugo,pass,1,UNKNOWN-FOLLOWUP,audit_report_L109-133,2026-08-20T15:49:32.777434,db row count exceeds audit classified count for this check_name
144402,freshness,interior-hugo,pass,1,UNKNOWN-FOLLOWUP,audit_report_L109-133,2026-08-20T15:49:33.506626,db row count exceeds audit classified count for this check_name
144424,freshness,kitchen-hugo,pass,1,UNKNOWN-FOLLOWUP,audit_report_L109-133,2026-08-20T15:49:35.461344,db row count exceeds audit classified count for this check_name
144446,freshness,laptop-hugo,pass,1,UNKNOWN-FOLLOWUP,audit_report_L109-133,2026-08-20T15:49:36.815235,db row count exceeds audit classified count for this check_name
144468,freshness,massage-hugo,pass,1,UNKNOWN-FOLLOWUP,audit_report_L109-133,2026-08-20T15:49:38.077505,db row count exceeds audit classified count for this check_name
144513,freshness,adventure-hugo,pass,1,UNKNOWN-FOLLOWUP,audit_report_L109-133,2026-08-20T15:49:40.010648,db row count exceeds audit classified count for this check_name
144536,freshness,airlines-hugo,pass,1,UNKNOWN-FOLLOWUP,audit_report_L109-133,2026-08-20T15:49:41.394196,db row count exceeds audit classified count for this check_name
144559,freshness,airports-hugo,pass,1,UNKNOWN-FOLLOWUP,audit_report_L109-133,2026-08-20T15:49:42.304497,db row count exceeds audit classified count for this check_name
144582,freshness,bus-hugo,pass,1,UNKNOWN-FOLLOWUP,audit_report_L109-133,2026-08-20T15:49:43.530358,db row count exceeds audit classified count for this check_name
144627,freshness,cruise-hugo,pass,1,UNKNOWN-FOLLOWUP,audit_report_L109-133,2026-08-20T15:49:45.706717,db row count exceeds audit classified count for this check_name
144649,freshness,culture-hugo,pass,1,UNKNOWN-FOLLOWUP,audit_report_L109-133,2026-08-20T15:49:46.790716,db row count exceeds audit classified count for this check_name
144671,freshness,daytrips-hugo,pass,1,UNKNOWN-FOLLOWUP,audit_report_L109-133,2026-08-20T15:49:48.550818,db row count exceeds audit classified count for this check_name
144694,freshness,deals-hugo,fail,1,UNKNOWN-FOLLOWUP,audit_report_L109-133,2026-08-20T15:49:49.693472,db row count exceeds audit classified count for this check_name
144717,freshness,dining-hugo,fail,1,UNKNOWN-FOLLOWUP,audit_report_L109-133,2026-08-20T15:49:50.392021,db row count exceeds audit classified count for this check_name
144740,freshness,escape-hugo,pass,1,UNKNOWN-FOLLOWUP,audit_report_L109-133,2026-08-20T15:49:51.545607,db row count exceeds audit classified count for this check_name
144762,freshness,esim-hugo,pass,1,UNKNOWN-FOLLOWUP,audit_report_L109-133,2026-08-20T15:49:52.274204,db row count exceeds audit classified count for this check_name
144784,freshness,eurail-hugo,pass,1,UNKNOWN-FOLLOWUP,audit_report_L109-133,2026-08-20T15:49:53.970314,db row count exceeds audit classified count for this check_name
144807,freshness,extreme-hugo,pass,1,UNKNOWN-FOLLOWUP,audit_report_L109-133,2026-08-20T15:49:55.121741,db row count exceeds audit classified count for this check_name
144830,freshness,ferry-hugo,pass,1,UNKNOWN-FOLLOWUP,audit_report_L109-133,2026-08-20T15:49:56.164691,db row count exceeds audit classified count for this check_name
144853,freshness,flights-hugo,pass,1,UNKNOWN-FOLLOWUP,audit_report_L109-133,2026-08-20T15:49:57.250298,db row count exceeds audit classified count for this check_name
144876,freshness,foodtour-hugo,pass,1,UNKNOWN-FOLLOWUP,audit_report_L109-133,2026-08-20T15:49:58.377139,db row count exceeds audit classified count for this check_name
144899,freshness,ghost-hugo,pass,1,UNKNOWN-FOLLOWUP,audit_report_L109-133,2026-08-20T15:49:59.495644,db row count exceeds audit classified count for this check_name
144922,freshness,hiking-hugo,pass,1,UNKNOWN-FOLLOWUP,audit_report_L109-133,2026-08-20T15:50:00.462239,db row count exceeds audit classified count for this check_name
144945,freshness,layover-hugo,pass,1,UNKNOWN-FOLLOWUP,audit_report_L109-133,2026-08-20T15:50:01.451790,db row count exceeds audit classified count for this check_name
144968,freshness,luxury-hugo,pass,1,UNKNOWN-FOLLOWUP,audit_report_L109-133,2026-08-20T15:50:02.428159,db row count exceeds audit classified count for this check_name
144990,freshness,michelin-hugo,pass,1,UNKNOWN-FOLLOWUP,audit_report_L109-133,2026-08-20T15:50:03.533678,db row count exceeds audit classified count for this check_name
145013,freshness,multiday-hugo,pass,1,UNKNOWN-FOLLOWUP,audit_report_L109-133,2026-08-20T15:50:04.744634,db row count exceeds audit classified count for this check_name
145036,freshness,nature-hugo,pass,1,UNKNOWN-FOLLOWUP,audit_report_L109-133,2026-08-20T15:50:05.837451,db row count exceeds audit classified count for this check_name
145059,freshness,nightlife-hugo,pass,1,UNKNOWN-FOLLOWUP,audit_report_L109-133,2026-08-20T15:50:06.822293,db row count exceeds audit classified count for this check_name
145081,freshness,nomad-hugo,fail,1,UNKNOWN-FOLLOWUP,audit_report_L109-133,2026-08-20T15:50:07.857567,db row count exceeds audit classified count for this check_name
145104,freshness,phototour-hugo,pass,1,UNKNOWN-FOLLOWUP,audit_report_L109-133,2026-08-20T15:50:08.774889,db row count exceeds audit classified count for this check_name
145126,freshness,tour-hugo,pass,1,UNKNOWN-FOLLOWUP,audit_report_L109-133,2026-08-20T15:50:09.807875,db row count exceeds audit classified count for this check_name
145149,freshness,tours-hugo,pass,1,UNKNOWN-FOLLOWUP,audit_report_L109-133,2026-08-20T15:50:11.008584,db row count exceeds audit classified count for this check_name
145172,freshness,trains-hugo,pass,1,UNKNOWN-FOLLOWUP,audit_report_L109-133,2026-08-20T15:50:12.911637,db row count exceeds audit classified count for this check_name
145195,freshness,transfers-hugo,pass,1,UNKNOWN-FOLLOWUP,audit_report_L109-133,2026-08-20T15:50:13.789371,db row count exceeds audit classified count for this check_name
145218,freshness,visa-hugo,pass,1,UNKNOWN-FOLLOWUP,audit_report_L109-133,2026-08-20T15:50:14.766417,db row count exceeds audit classified count for this check_name
145240,freshness,visafree-hugo,pass,1,UNKNOWN-FOLLOWUP,audit_report_L109-133,2026-08-20T15:50:15.847851,db row count exceeds audit classified count for this check_name
145263,freshness,walking-hugo,pass,1,UNKNOWN-FOLLOWUP,audit_report_L109-133,2026-08-20T15:50:16.877225,db row count exceeds audit classified count for this check_name
145286,freshness,watersports-hugo,pass,1,UNKNOWN-FOLLOWUP,audit_report_L109-133,2026-08-20T15:50:17.905870,db row count exceeds audit classified count for this check_name
145309,freshness,watertours-hugo,pass,1,UNKNOWN-FOLLOWUP,audit_report_L109-133,2026-08-20T15:50:20.043834,db row count exceeds audit classified count for this check_name
145331,freshness,biz-techpawz-hugo,unknown,1,UNKNOWN-FOLLOWUP,audit_report_L109-133,2026-08-20T15:50:21.229895,db row count exceeds audit classified count for this check_name
145353,freshness,informationhot-hugo,unknown,1,UNKNOWN-FOLLOWUP,audit_report_L109-133,2026-08-20T15:50:23.054720,db row count exceeds audit classified count for this check_name
145375,freshness,issue-techpawz-hugo,unknown,1,UNKNOWN-FOLLOWUP,audit_report_L109-133,2026-08-20T15:50:24.405012,db row count exceeds audit classified count for this check_name
145397,freshness,rotcha-blog,unknown,1,UNKNOWN-FOLLOWUP,audit_report_L109-133,2026-08-20T15:50:27.506746,db row count exceeds audit classified count for this check_name
145419,freshness,techpawz-hugo,unknown,1,UNKNOWN-FOLLOWUP,audit_report_L109-133,2026-08-20T15:50:30.977245,db row count exceeds audit classified count for this check_name
145442,freshness,tvshow-blogger,unknown,1,UNKNOWN-FOLLOWUP,audit_report_L109-133,2026-08-20T15:50:35.610461,db row count exceeds audit classified count for this check_name
145463,freshness,ud-blogger,unknown,1,UNKNOWN-FOLLOWUP,audit_report_L109-133,2026-08-20T15:50:38.857687,db row count exceeds audit classified count for this check_name
145484,freshness,rap-hugo,pass,1,UNKNOWN-FOLLOWUP,audit_report_L109-133,2026-08-20T15:50:42.536428,db row count exceeds audit classified count for this check_name
145506,freshness,rap2-hugo,pass,1,UNKNOWN-FOLLOWUP,audit_report_L109-133,2026-08-20T15:50:44.035138,db row count exceeds audit classified count for this check_name
145528,freshness,rap3-hugo,pass,1,UNKNOWN-FOLLOWUP,audit_report_L109-133,2026-08-20T15:50:46.127561,db row count exceeds audit classified count for this check_name
145550,freshness,rap4-hugo,pass,1,UNKNOWN-FOLLOWUP,audit_report_L109-133,2026-08-20T15:50:47.505331,db row count exceeds audit classified count for this check_name
145572,freshness,rap5-hugo,pass,1,UNKNOWN-FOLLOWUP,audit_report_L109-133,2026-08-20T15:50:49.688787,db row count exceeds audit classified count for this check_name
145594,freshness,senior-blogger,pass,1,UNKNOWN-FOLLOWUP,audit_report_L109-133,2026-08-20T15:50:51.264175,db row count exceeds audit classified count for this check_name
145615,freshness,senior-hugo,pass,1,UNKNOWN-FOLLOWUP,audit_report_L109-133,2026-08-20T15:50:56.432504,db row count exceeds audit classified count for this check_name
145637,freshness,dividend-hugo,pass,1,UNKNOWN-FOLLOWUP,audit_report_L109-133,2026-08-20T15:50:58.262823,db row count exceeds audit classified count for this check_name
145659,freshness,etf-hugo,pass,1,UNKNOWN-FOLLOWUP,audit_report_L109-133,2026-08-20T15:50:59.730345,db row count exceeds audit classified count for this check_name
145681,freshness,finance-hugo,pass,1,UNKNOWN-FOLLOWUP,audit_report_L109-133,2026-08-20T15:51:00.904359,db row count exceeds audit classified count for this check_name
145703,freshness,ipo-hugo,pass,1,UNKNOWN-FOLLOWUP,audit_report_L109-133,2026-08-20T15:51:02.190452,db row count exceeds audit classified count for this check_name
145725,freshness,sector-hugo,pass,1,UNKNOWN-FOLLOWUP,audit_report_L109-133,2026-08-20T15:51:03.131326,db row count exceeds audit classified count for this check_name
145747,freshness,stock-hugo,pass,1,UNKNOWN-FOLLOWUP,audit_report_L109-133,2026-08-20T15:51:04.316948,db row count exceeds audit classified count for this check_name
145769,freshness,tap-blogger,pass,1,UNKNOWN-FOLLOWUP,audit_report_L109-133,2026-08-20T15:51:05.747646,db row count exceeds audit classified count for this check_name
145888,freshness,travel4-hugo,fail,1,UNKNOWN-FOLLOWUP,audit_report_L109-133,2026-08-20T15:51:14.636814,db row count exceeds audit classified count for this check_name
145912,freshness,travel-hugo,pass,1,UNKNOWN-FOLLOWUP,audit_report_L109-133,2026-08-20T16:01:23.847855,db row count exceeds audit classified count for this check_name
145934,freshness,pet-hugo,pass,1,UNKNOWN-FOLLOWUP,audit_report_L109-133,2026-08-20T16:02:11.782377,db row count exceeds audit classified count for this check_name
145958,freshness,travel1-hugo,pass,1,UNKNOWN-FOLLOWUP,audit_report_L109-133,2026-08-20T16:03:06.482336,db row count exceeds audit classified count for this check_name
145981,freshness,travel2-hugo,pass,1,UNKNOWN-FOLLOWUP,audit_report_L109-133,2026-08-20T16:05:28.706244,db row count exceeds audit classified count for this check_name
146003,freshness,citytours-hugo,pass,1,UNKNOWN-FOLLOWUP,audit_report_L109-133,2026-08-20T16:06:05.828778,db row count exceeds audit classified count for this check_name
146026,freshness,travel3-hugo,pass,1,UNKNOWN-FOLLOWUP,audit_report_L109-133,2026-08-20T16:07:26.153271,db row count exceeds audit classified count for this check_name
146047,freshness,camping-hugo,pass,1,UNKNOWN-FOLLOWUP,audit_report_L109-133,2026-08-20T16:11:10.538294,db row count exceeds audit classified count for this check_name
144019,maintenance_checklist,compare-hugo,pass,1,TP,audit_report_L109-133,2026-08-20T15:49:11.320689,
144040,maintenance_checklist,deal-hugo,pass,1,TP,audit_report_L109-133,2026-08-20T15:49:12.826658,
144062,maintenance_checklist,ev-hugo,pass,1,TP,audit_report_L109-133,2026-08-20T15:49:14.069893,
144083,maintenance_checklist,guide-hugo,pass,1,TP,audit_report_L109-133,2026-08-20T15:49:15.057704,
144104,maintenance_checklist,hotissue-hugo,pass,1,TP,audit_report_L109-133,2026-08-20T15:49:16.409833,
144126,maintenance_checklist,pick-hugo,pass,1,TP,audit_report_L109-133,2026-08-20T15:49:18.007841,
144147,maintenance_checklist,rank-hugo,pass,1,UNKNOWN-FOLLOWUP,audit_report_L109-133,2026-08-20T15:49:18.984709,db row count exceeds audit classified count for this check_name
144169,maintenance_checklist,tco-hugo,pass,1,UNKNOWN-FOLLOWUP,audit_report_L109-133,2026-08-20T15:49:20.027746,db row count exceeds audit classified count for this check_name
144190,maintenance_checklist,appliance-hugo,pass,1,UNKNOWN-FOLLOWUP,audit_report_L109-133,2026-08-20T15:49:21.509019,db row count exceeds audit classified count for this check_name
144212,maintenance_checklist,baby-hugo,pass,1,UNKNOWN-FOLLOWUP,audit_report_L109-133,2026-08-20T15:49:22.996370,db row count exceeds audit classified count for this check_name
144234,maintenance_checklist,beauty-hugo,fail,1,UNKNOWN-FOLLOWUP,audit_report_L109-133,2026-08-20T15:49:25.206146,db row count exceeds audit classified count for this check_name
144256,maintenance_checklist,bike-hugo,pass,1,UNKNOWN-FOLLOWUP,audit_report_L109-133,2026-08-20T15:49:26.655707,db row count exceeds audit classified count for this check_name
144299,maintenance_checklist,car-hugo,pass,1,UNKNOWN-FOLLOWUP,audit_report_L109-133,2026-08-20T15:49:28.691971,db row count exceeds audit classified count for this check_name
144320,maintenance_checklist,fitness-hugo,pass,1,UNKNOWN-FOLLOWUP,audit_report_L109-133,2026-08-20T15:49:29.521882,db row count exceeds audit classified count for this check_name
144342,maintenance_checklist,golf-hugo,pass,1,UNKNOWN-FOLLOWUP,audit_report_L109-133,2026-08-20T15:49:30.879050,db row count exceeds audit classified count for this check_name
144363,maintenance_checklist,health-hugo,pass,1,UNKNOWN-FOLLOWUP,audit_report_L109-133,2026-08-20T15:49:31.901750,db row count exceeds audit classified count for this check_name
144385,maintenance_checklist,homeappliance-hugo,pass,1,UNKNOWN-FOLLOWUP,audit_report_L109-133,2026-08-20T15:49:32.932757,db row count exceeds audit classified count for this check_name
144406,maintenance_checklist,interior-hugo,fail,1,UNKNOWN-FOLLOWUP,audit_report_L109-133,2026-08-20T15:49:34.160612,db row count exceeds audit classified count for this check_name
144428,maintenance_checklist,kitchen-hugo,fail,1,UNKNOWN-FOLLOWUP,audit_report_L109-133,2026-08-20T15:49:35.937278,db row count exceeds audit classified count for this check_name
144450,maintenance_checklist,laptop-hugo,pass,1,UNKNOWN-FOLLOWUP,audit_report_L109-133,2026-08-20T15:49:37.045470,db row count exceeds audit classified count for this check_name
144472,maintenance_checklist,massage-hugo,pass,1,UNKNOWN-FOLLOWUP,audit_report_L109-133,2026-08-20T15:49:38.247449,db row count exceeds audit classified count for this check_name
144517,maintenance_checklist,adventure-hugo,pass,1,UNKNOWN-FOLLOWUP,audit_report_L109-133,2026-08-20T15:49:40.270295,db row count exceeds audit classified count for this check_name
144540,maintenance_checklist,airlines-hugo,pass,1,UNKNOWN-FOLLOWUP,audit_report_L109-133,2026-08-20T15:49:41.618755,db row count exceeds audit classified count for this check_name
144563,maintenance_checklist,airports-hugo,pass,1,UNKNOWN-FOLLOWUP,audit_report_L109-133,2026-08-20T15:49:42.590591,db row count exceeds audit classified count for this check_name
144586,maintenance_checklist,bus-hugo,pass,1,UNKNOWN-FOLLOWUP,audit_report_L109-133,2026-08-20T15:49:43.768309,db row count exceeds audit classified count for this check_name
144631,maintenance_checklist,cruise-hugo,pass,1,UNKNOWN-FOLLOWUP,audit_report_L109-133,2026-08-20T15:49:45.951188,db row count exceeds audit classified count for this check_name
144653,maintenance_checklist,culture-hugo,pass,1,UNKNOWN-FOLLOWUP,audit_report_L109-133,2026-08-20T15:49:47.460859,db row count exceeds audit classified count for this check_name
144675,maintenance_checklist,daytrips-hugo,pass,1,UNKNOWN-FOLLOWUP,audit_report_L109-133,2026-08-20T15:49:48.825466,db row count exceeds audit classified count for this check_name
144698,maintenance_checklist,deals-hugo,pass,1,UNKNOWN-FOLLOWUP,audit_report_L109-133,2026-08-20T15:49:49.906700,db row count exceeds audit classified count for this check_name
144721,maintenance_checklist,dining-hugo,pass,1,UNKNOWN-FOLLOWUP,audit_report_L109-133,2026-08-20T15:49:50.804217,db row count exceeds audit classified count for this check_name
144744,maintenance_checklist,escape-hugo,pass,1,UNKNOWN-FOLLOWUP,audit_report_L109-133,2026-08-20T15:49:51.770129,db row count exceeds audit classified count for this check_name
144766,maintenance_checklist,esim-hugo,pass,1,UNKNOWN-FOLLOWUP,audit_report_L109-133,2026-08-20T15:49:52.976907,db row count exceeds audit classified count for this check_name
144788,maintenance_checklist,eurail-hugo,pass,1,UNKNOWN-FOLLOWUP,audit_report_L109-133,2026-08-20T15:49:54.580658,db row count exceeds audit classified count for this check_name
144811,maintenance_checklist,extreme-hugo,pass,1,UNKNOWN-FOLLOWUP,audit_report_L109-133,2026-08-20T15:49:55.380078,db row count exceeds audit classified count for this check_name
144834,maintenance_checklist,ferry-hugo,pass,1,UNKNOWN-FOLLOWUP,audit_report_L109-133,2026-08-20T15:49:56.375521,db row count exceeds audit classified count for this check_name
144857,maintenance_checklist,flights-hugo,pass,1,UNKNOWN-FOLLOWUP,audit_report_L109-133,2026-08-20T15:49:57.455194,db row count exceeds audit classified count for this check_name
144880,maintenance_checklist,foodtour-hugo,pass,1,UNKNOWN-FOLLOWUP,audit_report_L109-133,2026-08-20T15:49:58.595899,db row count exceeds audit classified count for this check_name
144903,maintenance_checklist,ghost-hugo,pass,1,UNKNOWN-FOLLOWUP,audit_report_L109-133,2026-08-20T15:49:59.709033,db row count exceeds audit classified count for this check_name
144926,maintenance_checklist,hiking-hugo,pass,1,UNKNOWN-FOLLOWUP,audit_report_L109-133,2026-08-20T15:50:00.729619,db row count exceeds audit classified count for this check_name
144949,maintenance_checklist,layover-hugo,pass,1,UNKNOWN-FOLLOWUP,audit_report_L109-133,2026-08-20T15:50:01.712922,db row count exceeds audit classified count for this check_name
144972,maintenance_checklist,luxury-hugo,pass,1,UNKNOWN-FOLLOWUP,audit_report_L109-133,2026-08-20T15:50:02.625789,db row count exceeds audit classified count for this check_name
144994,maintenance_checklist,michelin-hugo,pass,1,UNKNOWN-FOLLOWUP,audit_report_L109-133,2026-08-20T15:50:03.719449,db row count exceeds audit classified count for this check_name
145017,maintenance_checklist,multiday-hugo,pass,1,UNKNOWN-FOLLOWUP,audit_report_L109-133,2026-08-20T15:50:04.943838,db row count exceeds audit classified count for this check_name
145040,maintenance_checklist,nature-hugo,pass,1,UNKNOWN-FOLLOWUP,audit_report_L109-133,2026-08-20T15:50:06.044260,db row count exceeds audit classified count for this check_name
145063,maintenance_checklist,nightlife-hugo,pass,1,UNKNOWN-FOLLOWUP,audit_report_L109-133,2026-08-20T15:50:07.030048,db row count exceeds audit classified count for this check_name
145085,maintenance_checklist,nomad-hugo,pass,1,UNKNOWN-FOLLOWUP,audit_report_L109-133,2026-08-20T15:50:08.114031,db row count exceeds audit classified count for this check_name
145108,maintenance_checklist,phototour-hugo,pass,1,UNKNOWN-FOLLOWUP,audit_report_L109-133,2026-08-20T15:50:08.988526,db row count exceeds audit classified count for this check_name
145130,maintenance_checklist,tour-hugo,pass,1,UNKNOWN-FOLLOWUP,audit_report_L109-133,2026-08-20T15:50:10.046661,db row count exceeds audit classified count for this check_name
145153,maintenance_checklist,tours-hugo,pass,1,UNKNOWN-FOLLOWUP,audit_report_L109-133,2026-08-20T15:50:11.801837,db row count exceeds audit classified count for this check_name
145176,maintenance_checklist,trains-hugo,pass,1,UNKNOWN-FOLLOWUP,audit_report_L109-133,2026-08-20T15:50:13.094421,db row count exceeds audit classified count for this check_name
145199,maintenance_checklist,transfers-hugo,pass,1,UNKNOWN-FOLLOWUP,audit_report_L109-133,2026-08-20T15:50:13.996127,db row count exceeds audit classified count for this check_name
145222,maintenance_checklist,visa-hugo,pass,1,UNKNOWN-FOLLOWUP,audit_report_L109-133,2026-08-20T15:50:14.973443,db row count exceeds audit classified count for this check_name
145244,maintenance_checklist,visafree-hugo,pass,1,UNKNOWN-FOLLOWUP,audit_report_L109-133,2026-08-20T15:50:16.073235,db row count exceeds audit classified count for this check_name
145267,maintenance_checklist,walking-hugo,pass,1,UNKNOWN-FOLLOWUP,audit_report_L109-133,2026-08-20T15:50:17.118647,db row count exceeds audit classified count for this check_name
145290,maintenance_checklist,watersports-hugo,pass,1,UNKNOWN-FOLLOWUP,audit_report_L109-133,2026-08-20T15:50:19.179379,db row count exceeds audit classified count for this check_name
145313,maintenance_checklist,watertours-hugo,pass,1,UNKNOWN-FOLLOWUP,audit_report_L109-133,2026-08-20T15:50:20.320014,db row count exceeds audit classified count for this check_name
145335,maintenance_checklist,biz-techpawz-hugo,pass,1,UNKNOWN-FOLLOWUP,audit_report_L109-133,2026-08-20T15:50:21.478816,db row count exceeds audit classified count for this check_name
145357,maintenance_checklist,informationhot-hugo,pass,1,UNKNOWN-FOLLOWUP,audit_report_L109-133,2026-08-20T15:50:23.288859,db row count exceeds audit classified count for this check_name
145379,maintenance_checklist,issue-techpawz-hugo,pass,1,UNKNOWN-FOLLOWUP,audit_report_L109-133,2026-08-20T15:50:25.205920,db row count exceeds audit classified count for this check_name
145401,maintenance_checklist,rotcha-blog,pass,1,UNKNOWN-FOLLOWUP,audit_report_L109-133,2026-08-20T15:50:28.365408,db row count exceeds audit classified count for this check_name
145423,maintenance_checklist,techpawz-hugo,pass,1,UNKNOWN-FOLLOWUP,audit_report_L109-133,2026-08-20T15:50:31.627341,db row count exceeds audit classified count for this check_name
145446,maintenance_checklist,tvshow-blogger,pass,1,UNKNOWN-FOLLOWUP,audit_report_L109-133,2026-08-20T15:50:36.619748,db row count exceeds audit classified count for this check_name
145467,maintenance_checklist,ud-blogger,pass,1,UNKNOWN-FOLLOWUP,audit_report_L109-133,2026-08-20T15:50:40.674075,db row count exceeds audit classified count for this check_name
145488,maintenance_checklist,rap-hugo,pass,1,UNKNOWN-FOLLOWUP,audit_report_L109-133,2026-08-20T15:50:42.785255,db row count exceeds audit classified count for this check_name
145510,maintenance_checklist,rap2-hugo,pass,1,UNKNOWN-FOLLOWUP,audit_report_L109-133,2026-08-20T15:50:44.643463,db row count exceeds audit classified count for this check_name
145532,maintenance_checklist,rap3-hugo,pass,1,UNKNOWN-FOLLOWUP,audit_report_L109-133,2026-08-20T15:50:46.346569,db row count exceeds audit classified count for this check_name
145554,maintenance_checklist,rap4-hugo,pass,1,UNKNOWN-FOLLOWUP,audit_report_L109-133,2026-08-20T15:50:48.236017,db row count exceeds audit classified count for this check_name
145576,maintenance_checklist,rap5-hugo,pass,1,UNKNOWN-FOLLOWUP,audit_report_L109-133,2026-08-20T15:50:49.891960,db row count exceeds audit classified count for this check_name
145598,maintenance_checklist,senior-blogger,fail,1,UNKNOWN-FOLLOWUP,audit_report_L109-133,2026-08-20T15:50:53.384713,db row count exceeds audit classified count for this check_name
145619,maintenance_checklist,senior-hugo,fail,1,UNKNOWN-FOLLOWUP,audit_report_L109-133,2026-08-20T15:50:56.970836,db row count exceeds audit classified count for this check_name
145641,maintenance_checklist,dividend-hugo,pass,1,UNKNOWN-FOLLOWUP,audit_report_L109-133,2026-08-20T15:50:58.502424,db row count exceeds audit classified count for this check_name
145663,maintenance_checklist,etf-hugo,pass,1,UNKNOWN-FOLLOWUP,audit_report_L109-133,2026-08-20T15:50:59.980832,db row count exceeds audit classified count for this check_name
145685,maintenance_checklist,finance-hugo,pass,1,UNKNOWN-FOLLOWUP,audit_report_L109-133,2026-08-20T15:51:01.123063,db row count exceeds audit classified count for this check_name
145707,maintenance_checklist,ipo-hugo,pass,1,UNKNOWN-FOLLOWUP,audit_report_L109-133,2026-08-20T15:51:02.379681,db row count exceeds audit classified count for this check_name
145729,maintenance_checklist,sector-hugo,pass,1,UNKNOWN-FOLLOWUP,audit_report_L109-133,2026-08-20T15:51:03.360221,db row count exceeds audit classified count for this check_name
145751,maintenance_checklist,stock-hugo,pass,1,UNKNOWN-FOLLOWUP,audit_report_L109-133,2026-08-20T15:51:04.585744,db row count exceeds audit classified count for this check_name
145773,maintenance_checklist,tap-blogger,pass,1,UNKNOWN-FOLLOWUP,audit_report_L109-133,2026-08-20T15:51:06.835087,db row count exceeds audit classified count for this check_name
145892,maintenance_checklist,travel4-hugo,fail,1,UNKNOWN-FOLLOWUP,audit_report_L109-133,2026-08-20T15:51:15.004390,db row count exceeds audit classified count for this check_name
145916,maintenance_checklist,travel-hugo,pass,1,UNKNOWN-FOLLOWUP,audit_report_L109-133,2026-08-20T16:01:24.137202,db row count exceeds audit classified count for this check_name
145938,maintenance_checklist,pet-hugo,pass,1,UNKNOWN-FOLLOWUP,audit_report_L109-133,2026-08-20T16:02:11.984079,db row count exceeds audit classified count for this check_name
145962,maintenance_checklist,travel1-hugo,pass,1,UNKNOWN-FOLLOWUP,audit_report_L109-133,2026-08-20T16:03:06.715433,db row count exceeds audit classified count for this check_name
145985,maintenance_checklist,travel2-hugo,pass,1,UNKNOWN-FOLLOWUP,audit_report_L109-133,2026-08-20T16:05:29.549954,db row count exceeds audit classified count for this check_name
146007,maintenance_checklist,citytours-hugo,pass,1,UNKNOWN-FOLLOWUP,audit_report_L109-133,2026-08-20T16:06:06.086865,db row count exceeds audit classified count for this check_name
146030,maintenance_checklist,travel3-hugo,pass,1,UNKNOWN-FOLLOWUP,audit_report_L109-133,2026-08-20T16:07:27.240837,db row count exceeds audit classified count for this check_name
146051,maintenance_checklist,camping-hugo,pass,1,UNKNOWN-FOLLOWUP,audit_report_L109-133,2026-08-20T16:11:11.148854,db row count exceeds audit classified count for this check_name
102518,FM-FEATUREIMAGE,issue-techpawz-hugo,fail,1,TP,audit_report_L109-133,2026-08-17T16:46:39.364977,
102872,FM-FEATUREIMAGE,sector-hugo,fail,1,TP,audit_report_L109-133,2026-08-17T16:46:51.802665,
102895,FM-FEATUREIMAGE,stock-hugo,fail,1,TP,audit_report_L109-133,2026-08-17T16:46:53.061110,
145438,FM-FEATUREIMAGE,techpawz-hugo,fail,1,TP,audit_report_L109-133,2026-08-20T15:50:35.608537,
